id,Prompt,text_clean,Num_unique,Gold_annotation,Label_LLM,Annotation (MB),Annotation (TZ),Annotation (KS),Agree_MB_TZ,Agree_MB_KS,Agree_TZ_KS
deepseek_PS4bp_0,PS4bp,Environmental factors like room acoustics would have a greater impact on the perceived pitch than just the length of the string,1,irrelevant,irrelevant,irrelevant,irrelevant,irrelevant,True,True,True
deepseek_PS4bp_1,PS4bp,"When the string on the doorknob is lengthened, the pitch would likely become deeper or lower because it allows for a longer duration of vibration before the energy dissipates from air molecules",1,1.0,1.0,1.0,1.0,1.0,True,True,True
deepseek_PS4bp_2,PS4bp,"Longer strings generally have lower frequencies due to their longer wavelengths, but Darla's specific setup might affect this depending on where she holds the string during plucking",1,partially_correct_incomplete,partially_correct_incomplete,partially_correct_incomplete,partially_correct_incomplete,partially_correct_incomplete,True,True,True
deepseek_PS4bp_3,PS4bp,"A longer string means less tension; therefore, it would yield a deeper or louder tone rather than higher pitch",3,partially_correct_incomplete,contradictory,partially_correct_incomplete,1.0,contradictory,False,False,False
deepseek_PS4bp_4,PS4bp,"With a longer string, sound waves have time for fewer full oscillations before hitting another node; this leads to lower pitches",2,1.0,partially_correct_incomplete,1.0,partially_correct_incomplete,1.0,False,True,False
deepseek_PS4bp_5,PS4bp,A longer string will produce a deeper or lower pitched sound when plucked,1,1.0,1.0,1.0,1.0,1.0,True,True,True
deepseek_PS4bp_6,PS4bp,"A stretched-out string can lead to reduced pitch if the fundamental frequency isn't matched by increased vibrational modes, hence affecting how notes are perceived audibly",3,irrelevant,contradictory,partially_correct_incomplete,irrelevant,contradictory,False,False,False
deepseek_PS4bp_7,PS4bp,The temperature in the room where Darla is standing might have an effect on her ability to hear sounds distinctly,1,irrelevant,irrelevant,irrelevant,irrelevant,irrelevant,True,True,True
deepseek_PS4bp_8,PS4bp,It depends more on the material of the string than its actual length,1,irrelevant,irrelevant,irrelevant,irrelevant,irrelevant,True,True,True
deepseek_PS4bp_9,PS4bp,Longer strings would make the notes produced by Darla less sharp because their increased length allows for greater distances between vibrations,2,irrelevant,partially_correct_incomplete,1.0,irrelevant,irrelevant,False,False,True
deepseek_PS4bp_10,PS4bp,"Longer strings can produce lower pitches, but they also have less tension and energy which might affect volume or clarity of sound",2,partially_correct_incomplete,partially_correct_incomplete,1.0,partially_correct_incomplete,partially_correct_incomplete,False,False,True
deepseek_PS4bp_11,PS4bp,Changing the string length does not affect the physical properties that determine human perception of pitch; only the waveform changes,1,contradictory,contradictory,contradictory,contradictory,contradictory,True,True,True
deepseek_PS4bp_12,PS4bp,It depends on the thickness and material too!,1,irrelevant,non_domain,irrelevant,irrelevant,irrelevant,True,True,True
deepseek_PS4bp_13,PS4bp,Longer strings create lower frequencies as their vibration cycles are prolonged,1,1.0,1.0,1.0,1.0,1.0,True,True,True
deepseek_PS4bp_14,PS4bp,Darla's mood and personal preference can change the quality of sound produced regardless of how long or short she makes her strings before pulling them,2,irrelevant,contradictory,irrelevant,contradictory,irrelevant,False,True,False
deepseek_PS4bp_15,PS4bp,"I guess if the string is really long, it can dampen or mute the plucked sound a bit",2,irrelevant,non_domain,contradictory,irrelevant,irrelevant,False,False,True
deepseek_PS4bp_16,PS4bp,Whether she wears shoes or goes barefoot may influence how clearly she hears and thus perceives the pitch,1,irrelevant,irrelevant,irrelevant,irrelevant,irrelevant,True,True,True
deepseek_PS4bp_17,PS4bp,Do longer strings just mean more sound waves bouncing around inside the room?,2,irrelevant,non_domain,irrelevant,irrelevant,non_domain,True,False,False
deepseek_PS4bp_18,PS4bp,Sounds interesting! But how does a string's length affect its pitch or tone?,2,irrelevant,non_domain,irrelevant,irrelevant,non_domain,True,False,False
deepseek_PS4bp_19,PS4bp,"No clue how that works, can you help me understand?",1,non_domain,non_domain,non_domain,non_domain,non_domain,True,True,True
deepseek_PS4bp_20,PS4bp,A longer string results in a higher-pitched tone when plucked because the wavelength becomes shorter and faster vibrations are possible,2,contradictory,1.0,contradictory,contradictory,1.0,True,False,False
deepseek_PS4bp_21,PS4bp,The tone produced by plucking would be louder if Darla used her mouth as an amplifier instead of adjusting the physical string length for different pitches,1,irrelevant,contradictory,irrelevant,irrelevant,irrelevant,True,True,True
deepseek_PS4bp_22,PS4bp,The pitch depends more on the speed at which you pluck rather than the physical adjustment of the string itself when pulled and released quickly,2,irrelevant,partially_correct_incomplete,irrelevant,contradictory,irrelevant,False,True,False
deepseek_PS4bp_23,PS4bp,A larger-length string has greater potential energy stored within its tension due to gravity's effect; this excess energy contributes to decreased oscillation amplitude or pitch as well,3,irrelevant,1.0,partially_correct_incomplete,irrelevant,1.0,False,False,False
deepseek_PS4bp_24,PS4bp,A stretched-out string makes for sharper sounds since the waves travel faster over greater distances,2,contradictory,1.0,contradictory,contradictory,1.0,True,False,False
deepseek_PS4bp_25,PS4bp,"With a lengthened string, there could be a noticeable change in the musical note's frequency due to variations in its physical properties",2,irrelevant,partially_correct_incomplete,irrelevant,irrelevant,partially_correct_incomplete,True,False,False
deepseek_PS4bp_26,PS4bp,"If she made the string longer, the resulting sound would have a sharper pitch because of increased oscillation rate",2,contradictory,1.0,contradictory,contradictory,1.0,True,False,False
deepseek_PS4bp_27,PS4bp,"Making the string shorter would increase the pitch because a smaller distance between crests results in more frequent vibrations per unit time, leading to higher frequency or pitch when you pluck it",3,partially_correct_incomplete,contradictory,1.0,partially_correct_incomplete,contradictory,False,False,False
deepseek_PS4bp_28,PS4bp,"Plucking closer to the tied end results in a higher pitch while plucking further from the tied end leads to a lower pitch, regardless of string length",2,contradictory,contradictory,1.0,contradictory,contradictory,False,False,True
deepseek_PS4bp_29,PS4bp,"The higher the frequency (pitch), the shorter the string needs to be for effective vibration. So a longer string would produce lower frequencies or pitches",1,1.0,partially_correct_incomplete,1.0,1.0,1.0,True,True,True
deepseek_PS4bp_30,PS4bp,The pitch will remain unchanged because it is independent of string length; only frequency and pluck technique matter,1,contradictory,contradictory,contradictory,contradictory,contradictory,True,True,True
deepseek_PS4bp_31,PS4bp,"When pulling the string on a longer one, there is less force exerted per unit length which results in fewer vibrations and thus lower frequency sound produced",1,1.0,1.0,1.0,1.0,1.0,True,True,True
deepseek_PS4bp_32,PS4bp,"Darla should use a shorter string for higher pitches, so lengthening it might lead to lower sounds due to the increased length",1,1.0,partially_correct_incomplete,1.0,1.0,1.0,True,True,True
deepseek_PS4bp_33,PS4bp,"When you make the string longer, it produces lower pitches because they take more time to vibrate",1,1.0,1.0,1.0,1.0,1.0,True,True,True
deepseek_PS4bp_34,PS4bp,"The pitch will stay the same because only the frequency affects sound, and adjusting string length doesn't change it directly",1,contradictory,partially_correct_incomplete,contradictory,contradictory,contradictory,True,True,True
deepseek_PS4bp_35,PS4bp,Shorter strings produce lower pitches due to their fundamental frequency being at a lower range of audible frequencies compared to longer ones,1,contradictory,contradictory,contradictory,contradictory,contradictory,True,True,True
deepseek_PS4bp_36,PS4bp,Maybe if it gets longer it will sound lower?,3,1.0,non_domain,1.0,partially_correct_incomplete,non_domain,False,False,False
deepseek_PS4bp_37,PS4bp,"As the length of the string increases, the sound produced will be at a higher pitch",1,contradictory,1.0,contradictory,contradictory,contradictory,True,True,True
deepseek_PS4bp_38,PS4bp,Darla’s grip strength and position might influence the plucking technique and thus alter the sound heard,1,irrelevant,irrelevant,irrelevant,irrelevant,irrelevant,True,True,True
deepseek_PS4bp_39,PS4bp,"A longer string could potentially lower the tone's pitch if she plucks closer to one end and creates a more direct path for vibrations, although this is speculative without knowing her exact position when plucking",1,partially_correct_incomplete,partially_correct_incomplete,partially_correct_incomplete,partially_correct_incomplete,partially_correct_incomplete,True,True,True
deepseek_PS4bp_40,PS4bp,"With a longer string, Darla might produce different pitches compared to using a shorter one because it changes how vibrations are transmitted along the string",2,partially_correct_incomplete,partially_correct_incomplete,irrelevant,partially_correct_incomplete,partially_correct_incomplete,False,False,True
deepseek_PS4bp_41,PS4bp,Adjusting the string length does not affect human perception of pitch in any noticeable way; only tone color and timbre change with varying lengths,1,contradictory,contradictory,contradictory,contradictory,contradictory,True,True,True
deepseek_PS4bp_42,PS4bp,Affected overtones: Changes in fundamental frequency can alter the frequencies of higher harmonics affecting overall pitch heard by Darla,2,irrelevant,1.0,irrelevant,irrelevant,partially_correct_incomplete,True,False,False
deepseek_PS4bp_43,PS4bp,Whether the string is longer or shorter won’t impact how loud her door sounds when she slams it shut,2,irrelevant,irrelevant,irrelevant,non_domain,irrelevant,False,True,False
deepseek_PS4bp_44,PS4bp,"That sounds interesting, why does it happen this way?",1,non_domain,non_domain,non_domain,non_domain,non_domain,True,True,True
deepseek_PS4bp_45,PS4bp,Isn't it weird how something so simple can make that kind of noise?,2,non_domain,non_domain,irrelevant,non_domain,non_domain,False,False,True
deepseek_PS4bp_46,PS4bp,"If the string is longer, it will produce a lower pitch because lower frequencies have longer wavelengths and therefore take more time to travel through the air before reaching your ear",2,1.0,1.0,1.0,partially_correct_incomplete,1.0,False,True,False
deepseek_PS4bp_47,PS4bp,"This is a pretty weird thing to think about, huh?",1,non_domain,non_domain,non_domain,non_domain,non_domain,True,True,True
deepseek_PS4bp_48,PS4bp,Pitch might change if Darla uses a lighter touch to pluck the string next time,1,irrelevant,irrelevant,irrelevant,irrelevant,irrelevant,True,True,True
deepseek_PS4bp_49,PS4bp,"A longer string implies less energy transfer from hand to string; thus, it should produce an overall lower sound compared to when using a shorter one",3,partially_correct_incomplete,contradictory,1.0,irrelevant,partially_correct_incomplete,False,False,False
deepseek_PS4bp_50,PS4bp,Lowering the pitch would require a longer string that allows for lower frequencies to be transmitted more easily by vibrating at different rates,2,partially_correct_incomplete,partially_correct_incomplete,1.0,partially_correct_incomplete,partially_correct_incomplete,False,False,True
deepseek_PS4bp_51,PS4bp,The type of doorknob matters; a tight one might not make as much noise as a loose one when plucked,1,irrelevant,irrelevant,irrelevant,irrelevant,irrelevant,True,True,True
deepseek_PS4bp_52,PS4bp,"If Darla extends her string further, she may perceive an alteration in sound quality based on frequency changes",2,irrelevant,partially_correct_incomplete,irrelevant,irrelevant,partially_correct_incomplete,True,False,False
deepseek_PS4bp_53,PS4bp,"The tension on the string is what determines pitch, so altering its length will have no effect unless accompanied by changes in tension or other physical parameters influencing sound production",1,contradictory,contradictory,contradictory,contradictory,contradictory,True,True,True
deepseek_PS4bp_54,PS4bp,It depends on where Darla stands relative to the doorknob; slight changes in position can change perceived pitch,1,irrelevant,irrelevant,irrelevant,irrelevant,irrelevant,True,True,True
deepseek_PS4bp_55,PS4bp,Plucking one end of an infinitely long taut string will not create any sound as it has no physical medium to transmit the vibrational energy through; there's nothing else to pass on the 'wave' from where Darla plucked,2,irrelevant,contradictory,irrelevant,irrelevant,contradictory,True,False,False
deepseek_PS4bp_56,PS4bp,"That sounds kind of cool, but I don’t know why it would change",1,non_domain,non_domain,non_domain,non_domain,non_domain,True,True,True
deepseek_PS4bp_57,PS4bp,"If Darla uses a thicker string to make it longer, the pitch might not change because thickness can affect volume but doesn't necessarily alter frequency (pitch)",2,contradictory,partially_correct_incomplete,irrelevant,contradictory,contradictory,False,False,True
deepseek_PS4bp_58,PS4bp,"With increased string length, you’d expect a dispersion of harmonics leading to an overall lowering of frequency rather than any increase due to longer strings—harmonic content is usually higher with shorter lengths owing to constructive interference between multiple partials forming complex waveforms",2,partially_correct_incomplete,contradictory,1.0,partially_correct_incomplete,partially_correct_incomplete,False,False,True
deepseek_PS4bp_59,PS4bp,"The pitch will decrease if Darla makes her string longer because the sound is produced by vibrations occurring at a certain rate (measured in Hertz). A longer string would have more time for these vibrations, so each complete cycle of vibration would take longer and thus produce a lower frequency or pitch",1,1.0,contradictory,1.0,1.0,1.0,True,True,True
deepseek_PS4bp_60,PS4bp,I think it would get lower.,1,1.0,non_domain,1.0,1.0,1.0,True,True,True
deepseek_PS4bp_61,PS4bp,"I’ve never thought about this before, so maybe not long enough to make any real sense of it",1,non_domain,non_domain,non_domain,non_domain,non_domain,True,True,True
deepseek_PS4bp_62,PS4bp,"Sounds like fun, but what does pitch have to do with the length of the string?",2,non_domain,non_domain,irrelevant,non_domain,non_domain,False,False,True
deepseek_PS4bp_63,PS4bp,"Increasing the string length will result in higher pitches because longer strings have more overtones and harmonics, making them sound sharper when plucked",1,contradictory,contradictory,contradictory,contradictory,contradictory,True,True,True
deepseek_PS4bp_64,PS4bp,Whether she uses a hard or soft material as an anchor point at the doorknob could also affect the quality of the generated sound,1,irrelevant,irrelevant,irrelevant,irrelevant,irrelevant,True,True,True
deepseek_PS4bp_65,PS4bp,"If she tied a knot on the string, it would change how the sound propagates through the string's vibrations",1,irrelevant,irrelevant,irrelevant,irrelevant,irrelevant,True,True,True
deepseek_PS4bp_66,PS4bp,Harmonically rich: The string's harmonic series is emphasized leading to increased complexity and richness in the sound produced when plucked,1,irrelevant,1.0,irrelevant,irrelevant,irrelevant,True,True,True
deepseek_PS4bp_67,PS4bp,Would changing the distance between plucks make a difference in pitch?,2,irrelevant,non_domain,irrelevant,non_domain,irrelevant,False,True,False
deepseek_PS4bp_68,PS4bp,Changing the length affects the tension in the string and thus can influence whether the sound is higher or lower pitched when plucked,2,irrelevant,partially_correct_incomplete,irrelevant,irrelevant,partially_correct_incomplete,True,False,False
deepseek_PS4bp_69,PS4bp,The pitch might decrease if Darla uses lighter gauge strings because they vibrate more freely resulting in lower frequencies; heavier gauges would yield the opposite effect,2,irrelevant,contradictory,irrelevant,irrelevant,partially_correct_incomplete,True,False,False
deepseek_PS4bp_70,PS4bp,"Interesting, wouldn’t longer strings take more force to pluck?",2,irrelevant,non_domain,irrelevant,irrelevant,non_domain,True,False,False
deepseek_PS4bp_71,PS4bp,Does anyone else feel like science class is always so curious?,1,non_domain,non_domain,non_domain,non_domain,non_domain,True,True,True
deepseek_PS4bp_72,PS4bp,"Higher pitch: As string length increases, frequency generally increases due to increased wavelength resulting in higher pitched sound",1,contradictory,1.0,contradictory,contradictory,contradictory,True,True,True
deepseek_PS4bp_73,PS4bp,"If the door was closed during her experiment, she should try it with the door open to see how differing sizes affect sound because larger spaces can alter sounds differently than smaller ones",1,irrelevant,partially_correct_incomplete,irrelevant,irrelevant,irrelevant,True,True,True
deepseek_PS4bp_74,PS4bp,Age and size of students can influence perception more significantly than changes in string lengths when it comes to pitch,1,irrelevant,irrelevant,irrelevant,irrelevant,irrelevant,True,True,True
deepseek_PS4bp_75,PS4bp,The pitch depends on the distance between her hand and the vibrating part of the string; increasing that length could alter what notes she hears,1,irrelevant,partially_correct_incomplete,irrelevant,irrelevant,irrelevant,True,True,True
deepseek_PS4bp_76,PS4bp,"When making the string longer, it is possible that the pitch alters since changing string length influences vibration rate and tone production",2,partially_correct_incomplete,partially_correct_incomplete,irrelevant,partially_correct_incomplete,partially_correct_incomplete,False,False,True
deepseek_PS4bp_77,PS4bp,I wonder if shorter strings would be louder or just faster.,2,irrelevant,non_domain,irrelevant,irrelevant,partially_correct_incomplete,True,False,False
deepseek_PS4bp_78,PS4bp,The string's increased length results in decreased pitch due to slower vibrations,1,1.0,1.0,1.0,1.0,1.0,True,True,True
deepseek_PS4bp_79,PS4bp,"Oh my gosh, that is so cool! How did you figure that out?",1,non_domain,non_domain,non_domain,non_domain,non_domain,True,True,True
deepseek_PS4bp_80,PS4bp,Darla’s age might influence her hearing sensitivity more directly compared to adjusting the string's length for altering pitches,1,irrelevant,irrelevant,irrelevant,irrelevant,irrelevant,True,True,True
deepseek_PS4bp_81,PS4bp,"If the door was open or closed when she made the sound, this might affect how high or low the pitch sounds because sound can be affected by echoes in different sized rooms",2,irrelevant,partially_correct_incomplete,irrelevant,irrelevant,partially_correct_incomplete,True,False,False
deepseek_PS4bp_82,PS4bp,The pitch change depends on how much she extends the string from the doorknob; adjusting its length could affect the frequency of sound produced,2,partially_correct_incomplete,partially_correct_incomplete,irrelevant,partially_correct_incomplete,partially_correct_incomplete,False,False,True
deepseek_PS4bp_83,PS4bp,"If she holds onto or positions herself differently during sound production, it doesn't matter how long or short the string is—the outcome will differ anyway",2,contradictory,contradictory,contradictory,irrelevant,contradictory,False,True,False
deepseek_PS4bp_84,PS4bp,"Hmm, probably something physics-related like frequency of vibrations, right?",2,non_domain,non_domain,irrelevant,non_domain,non_domain,False,False,True
deepseek_PS4bp_85,PS4bp,"Making the string longer will result in a lower pitch for any given tension on the string, so there's no change in pitch with length adjustment",2,partially_correct_incomplete,contradictory,partially_correct_incomplete,contradictory,partially_correct_incomplete,False,True,False
deepseek_PS4bp_86,PS4bp,The quality of the doorknob or wall where it contacts might influence whether Darla perceives a difference in perceived pitch due to physical vibrations from her pluck,1,irrelevant,irrelevant,irrelevant,irrelevant,irrelevant,True,True,True
deepseek_PS4bp_87,PS4bp,"Frequency modulation: If strings are held longer, there may be gradual changes in initial pluck which could modulate (change) pitch perception slightly",2,irrelevant,1.0,irrelevant,irrelevant,partially_correct_incomplete,True,False,False
deepseek_PS4bp_88,PS4bp,Making the string longer will actually increase the pitch because stretching a tauter string causes it to return quickly from each pluck and thus vibrate at higher rates,1,contradictory,contradictory,contradictory,contradictory,contradictory,True,True,True
deepseek_PS4bp_89,PS4bp,A longer string results in decreased frequency and higher pitches; this occurs due to less frequent peaks reaching Darla's ear as the wave travels down the length of the extended string,2,contradictory,1.0,contradictory,contradictory,1.0,True,False,False
deepseek_PS4bp_90,PS4bp,The pitch would change based on how long it takes for sound waves to travel along the string,1,irrelevant,irrelevant,irrelevant,irrelevant,irrelevant,True,True,True
deepseek_PS4bp_91,PS4bp,The sound depends on Darla's fingers pressing into the string rather than how long or short the actual string is,1,irrelevant,contradictory,irrelevant,irrelevant,irrelevant,True,True,True
deepseek_PS4bp_92,PS4bp,A longer string allows for more longitudinal wave components to be present during sound production as it can accommodate greater amplitude oscillation due to increased length compared to its shorter counterpart,2,irrelevant,1.0,irrelevant,irrelevant,partially_correct_incomplete,True,False,False
deepseek_PS4bp_93,PS4bp,"If Darla makes the string longer, it will create higher pitches since a shorter string produces faster vibrations for higher notes",1,contradictory,partially_correct_incomplete,contradictory,contradictory,contradictory,True,True,True
deepseek_PS4bp_94,PS4bp,"Pitches could stay the same if Darla pulled and released at exactly the same speed regardless of string length, focusing more on force than time",2,contradictory,partially_correct_incomplete,contradictory,irrelevant,contradictory,False,True,False
deepseek_PS4bp_95,PS4bp,"The time period between plucks increases when using a longer string, resulting in slower vibrations and hence lower pitch sounds heard by Darla holding the other end of the string",2,1.0,1.0,1.0,partially_correct_incomplete,1.0,False,True,False
deepseek_PS4bp_96,PS4bp,Pitches could change if she extends the string further out from the doorknob because different lengths of strings have distinct pitch characteristics,2,partially_correct_incomplete,partially_correct_incomplete,irrelevant,partially_correct_incomplete,partially_correct_incomplete,False,False,True
deepseek_PS4bp_97,PS4bp,"If there is a breeze passing through when she plucks the string, then the sound would alter even without changing the string’s actual length",1,irrelevant,contradictory,irrelevant,irrelevant,irrelevant,True,True,True
deepseek_PS4bp_98,PS4bp,"The fundamental frequency is inversely proportional to the length of the vibrating string; thus, as the string lengthens, the pitch decreases",1,1.0,1.0,1.0,1.0,1.0,True,True,True
deepseek_PS4bp_99,PS4bp,Could you imagine using something similar to pluck strings at home?,2,non_domain,non_domain,irrelevant,non_domain,non_domain,False,False,True
deepseek_PS4bp_100,PS4bp,"With an elongated string, you will hear a more piercing and high-pitched tone upon plucking it",1,contradictory,1.0,contradictory,contradictory,contradictory,True,True,True
deepseek_PS4bp_101,PS4bp,Longer strings probably give quieter or low-pitched sounds compared to shorter ones,1,1.0,non_domain,1.0,1.0,1.0,True,True,True
deepseek_PS4bp_102,PS4bp,The pitch will decrease because longer strings have lower frequencies due to their increased wavelength,1,1.0,contradictory,1.0,1.0,1.0,True,True,True
deepseek_PS4bp_103,PS4bp,The amount of pressure with which Darla plucked the string would likely result in a different sound and therefore alter perceived pitch,1,irrelevant,irrelevant,irrelevant,irrelevant,irrelevant,True,True,True
deepseek_PS4bp_104,PS4bp,Different materials used in the doorknob might affect the quality of sound generated,1,irrelevant,irrelevant,irrelevant,irrelevant,irrelevant,True,True,True
deepseek_PS4bp_105,PS4bp,"If she extends the string's length, the sound waves will take longer to complete their cycles and result in low pitches because of slower vibrations",2,1.0,partially_correct_incomplete,1.0,partially_correct_incomplete,1.0,False,True,False
deepseek_PS4bp_106,PS4bp,It would be cool to find out but I can’t really tell you why without doing some research or experimenting,1,non_domain,non_domain,non_domain,non_domain,non_domain,True,True,True
deepseek_PS4bp_107,PS4bp,The pitch would be consistent as it is determined solely by the frequency at which the string was originally plucked and let go of,2,contradictory,contradictory,contradictory,irrelevant,contradictory,False,True,False
deepseek_PS4bp_108,PS4bp,"Softer sound: With longer strings, less energy is transferred from the finger to the entire string length leading to a quieter or softer sound",2,irrelevant,1.0,irrelevant,irrelevant,1.0,True,False,False
deepseek_PS4bp_109,PS4bp,"If there’s another door open nearby, the echo from that could make her own sound seem quieter than if she were alone in the room",1,irrelevant,irrelevant,irrelevant,irrelevant,irrelevant,True,True,True
deepseek_PS4bp_110,PS4bp,"A longer string would result in softer sounds being produced due to reduced vibration amplitude over increased distances, which should make for less intense pitches",3,partially_correct_incomplete,contradictory,irrelevant,partially_correct_incomplete,1.0,False,False,False
deepseek_PS4bp_111,PS4bp,Can we use physics to figure out what happens when a string gets longer?,2,non_domain,non_domain,irrelevant,non_domain,non_domain,False,False,True
deepseek_PS4bp_112,PS4bp,"When you use a longer string to pluck, it seems like the notes might be lower and quieter than when using a shorter one",1,1.0,non_domain,1.0,1.0,1.0,True,True,True
deepseek_PS4bp_113,PS4bp,That’s really odd... Maybe it has something to do with vibrations or waves?,2,non_domain,non_domain,irrelevant,non_domain,non_domain,False,False,True
deepseek_PS4bp_114,PS4bp,It might sound different if you use a longer string because it would take more time for the vibrations to reach your ear,2,irrelevant,non_domain,irrelevant,irrelevant,partially_correct_incomplete,True,False,False
deepseek_PS4bp_115,PS4bp,Different types of strings may produce different sounds at varying lengths,1,irrelevant,irrelevant,irrelevant,irrelevant,irrelevant,True,True,True
deepseek_PS4bp_116,PS4bp,"If Darla makes the string longer, she might hear a different tone due to changes in frequency caused by length variation",2,partially_correct_incomplete,partially_correct_incomplete,partially_correct_incomplete,irrelevant,partially_correct_incomplete,False,True,False
deepseek_PS4bp_117,PS4bp,"The pitch would decrease if Darla lengthened the string because it makes the vibrating part smaller, which produces lower frequencies when plucked quickly",2,1.0,1.0,1.0,partially_correct_incomplete,1.0,False,True,False
deepseek_PS4bp_118,PS4bp,"Weather conditions, such as humidity levels, have a much bigger impact on how sounds travel through the air compared with any slight changes in string length",1,irrelevant,irrelevant,irrelevant,irrelevant,irrelevant,True,True,True
deepseek_PS4bp_119,PS4bp,"The sound is influenced by other environmental factors, such as room acoustics or background noise",1,irrelevant,irrelevant,irrelevant,irrelevant,irrelevant,True,True,True
deepseek_PS4bp_120,PS4bp,"Increasing the length of the string reduces its frequency, making the pitch lower",1,1.0,1.0,1.0,1.0,1.0,True,True,True
deepseek_PS4bp_121,PS4bp,"A longer string results in slower vibrations of the door when plucked, leading to a lower frequency sound being produced at any given volume level",2,1.0,1.0,1.0,partially_correct_incomplete,1.0,False,True,False
deepseek_PS4bp_122,PS4bp,"Pitches are determined by how fast or slow the vibrations happen, so making the string longer won’t change them unless it changes the speed of vibration",2,contradictory,partially_correct_incomplete,contradictory,irrelevant,contradictory,False,True,False
deepseek_PS4bp_123,PS4bp,The sound might become lower if Darla elongates the string as shorter strings produce higher pitches than longer ones,1,1.0,partially_correct_incomplete,1.0,1.0,1.0,True,True,True
deepseek_PS4bp_124,PS4bp,A longer string on a doorknob would likely create more extended tones or reverberations; this effect might lead to perceived pitch changes over time as vibrations continue after initial plucking,2,partially_correct_incomplete,1.0,partially_correct_incomplete,irrelevant,partially_correct_incomplete,False,True,False
deepseek_PS4bp_125,PS4bp,The pitch could also change depending on how tightly Darla winds the string around the doorknob before she ties it off; looser windings may produce longer notes while tighter ones can yield sharper sounds when plucked abruptly,1,irrelevant,1.0,irrelevant,irrelevant,irrelevant,True,True,True
deepseek_PS4bp_126,PS4bp,"The pitch might change if she pulls and releases at different points on the string, affecting where resonance peaks or how much energy each part receives",2,irrelevant,partially_correct_incomplete,irrelevant,irrelevant,partially_correct_incomplete,True,False,False
deepseek_PS4bp_127,PS4bp,"The sound produced by Darla is independent of any external factors like weather conditions, time of day or other environmental variables; thus making her experiment irrelevant in determining changes related to these aspects",2,contradictory,contradictory,contradictory,irrelevant,contradictory,False,True,False
deepseek_PS4bp_128,PS4bp,The pitch will not change because the fundamental frequency is determined by the speed at which waves propagate on the string and not its physical length,1,contradictory,contradictory,contradictory,contradictory,contradictory,True,True,True
deepseek_PS4bp_129,PS4bp,It might be different because the sound comes from vibrations and that could change with length,1,partially_correct_incomplete,non_domain,partially_correct_incomplete,partially_correct_incomplete,partially_correct_incomplete,True,True,True
deepseek_PS4bp_130,PS4bp,"As the string gets longer, the sound frequency decreases, lowering the pitch",1,1.0,1.0,1.0,1.0,1.0,True,True,True
deepseek_PS4bp_131,PS4bp,Darla’s hand size could affect how firmly she pulled the string; bigger hands mean more force but less distance covered with each pull,1,irrelevant,irrelevant,irrelevant,irrelevant,irrelevant,True,True,True
deepseek_PS4bp_132,PS4bp,"The pitch could also be affected by the tightness or looseness of the string when tied around the doorknob; a tighter tie might speed up vibrations slightly, affecting pitch subtly",1,irrelevant,partially_correct_incomplete,irrelevant,irrelevant,irrelevant,True,True,True
deepseek_PS4bp_133,PS4bp,"If she uses a different type of material to tie the ends, such as tape instead of knotting, the sound would not be affected at all by varying string lengths",2,contradictory,contradictory,contradictory,irrelevant,contradictory,False,True,False
deepseek_PS4bp_134,PS4bp,A longer string requires greater force per unit length for effective sound production because it has a larger amount of kinetic energy from its increased extension at rest,2,irrelevant,1.0,irrelevant,irrelevant,partially_correct_incomplete,True,False,False
deepseek_PS4bp_135,PS4bp,A longer string would likely create a different pitch because strings of varying lengths have distinct resonant frequencies,1,partially_correct_incomplete,partially_correct_incomplete,partially_correct_incomplete,partially_correct_incomplete,partially_correct_incomplete,True,True,True
deepseek_PS4bp_136,PS4bp,It's like how long ropes make different sounds when you pull them; strings do too!,3,irrelevant,non_domain,irrelevant,non_domain,partially_correct_incomplete,False,False,False
deepseek_PS4bp_137,PS4bp,"If she makes the string longer, there’s a good chance that the resulting sounds will be lower in pitch",2,1.0,non_domain,1.0,partially_correct_incomplete,1.0,False,True,False
deepseek_PS4bp_138,PS4bp,The temperature might have an impact—cold weather tends to dampen hearing sensitivity compared to warmer conditions,1,irrelevant,irrelevant,irrelevant,irrelevant,irrelevant,True,True,True
deepseek_PS4bp_139,PS4bp,Perhaps her posture or position relative to the door at the time also plays a role in how well she can hear and thus perceive any changes in pitch,1,irrelevant,irrelevant,irrelevant,irrelevant,irrelevant,True,True,True
deepseek_PS4bp_140,PS4bp,Lowering the end of the string increases the length and lowers the tone produced,2,1.0,1.0,1.0,partially_correct_incomplete,1.0,False,True,False
deepseek_PS4bp_141,PS4bp,"When the string is lengthened, the pitch of the sound increases because shorter strings produce lower pitches due to slower wave speeds",1,contradictory,1.0,contradictory,contradictory,contradictory,True,True,True
deepseek_PS4bp_142,PS4bp,"If Darla makes the string longer, she would hear a deeper sound as it takes more time for the vibrations to travel along the length of the string",1,1.0,contradictory,1.0,1.0,1.0,True,True,True
deepseek_PS4bp_143,PS4bp,A longer string would produce sounds of lower frequency since there are fewer vibrations per pluck due to its increased length,2,1.0,partially_correct_incomplete,1.0,partially_correct_incomplete,1.0,False,True,False
deepseek_PS4bp_144,PS4bp,"The frequency of the sound is determined by the tension and speed at which Darla plucked the string, not its length",2,contradictory,irrelevant,contradictory,contradictory,irrelevant,True,False,False
deepseek_PS4bp_145,PS4bp,Weather conditions such as humidity could affect how far and clearly Darla hears the plucked string’s resulting sound,1,irrelevant,irrelevant,irrelevant,irrelevant,irrelevant,True,True,True
deepseek_PS4bp_146,PS4bp,"The pitch would not change, as the fundamental frequency remains constant for a specific plucked string length",1,contradictory,contradictory,contradictory,contradictory,contradictory,True,True,True
deepseek_PS4bp_147,PS4bp,"Increasing the string length will not affect the pitch, only the volume will increase",1,contradictory,contradictory,contradictory,contradictory,contradictory,True,True,True
deepseek_PS4bp_148,PS4bp,"As the string gets stretched out, it causes less frequent vibrations leading to a lower pitch since there are fewer cycles within each pluck",2,partially_correct_incomplete,partially_correct_incomplete,partially_correct_incomplete,partially_correct_incomplete,1.0,True,False,False
deepseek_PS4bp_149,PS4bp,A longer string will produce a bass sound compared to when it was shorter,1,1.0,1.0,1.0,1.0,1.0,True,True,True
deepseek_PS4bp_150,PS4bp,The frequency won't change since the speed of sound on this type of material is constant and not dependent on how much or little we stretch out our string,1,contradictory,contradictory,contradictory,contradictory,contradictory,True,True,True
deepseek_PS4bp_151,PS4bp,"The pitch would change if Darla used different types of string, like cotton instead of nylon",1,irrelevant,irrelevant,irrelevant,irrelevant,irrelevant,True,True,True
deepseek_PS4bp_152,PS4bp,"If the string gets longer, it means less vibrations can happen at once before she plucks again, making the sound quieter and thus having a lower pitch",2,partially_correct_incomplete,partially_correct_incomplete,partially_correct_incomplete,partially_correct_incomplete,1.0,True,False,False
deepseek_PS4bp_153,PS4bp,"When Darla makes the string longer, each cycle of vibration covers more distance which causes the wavelength (and therefore frequency) to decrease accordingly",2,1.0,1.0,1.0,partially_correct_incomplete,1.0,False,True,False
deepseek_PS4bp_154,PS4bp,"If you pluck a rubber band instead of a regular one and make it longer without changing its width/thickness, the pitch will decrease because rubber bands generally produce lower pitched sounds when stretched out for greater lengths",3,partially_correct_incomplete,contradictory,1.0,irrelevant,partially_correct_incomplete,False,False,False
deepseek_PS4bp_155,PS4bp,Maybe longer strings don't produce any sound at all?,2,non_domain,non_domain,contradictory,non_domain,non_domain,False,False,True
deepseek_PS4bp_156,PS4bp,"A longer string might produce a different overtone pattern, but it doesn't change the perceived pitch to humans who are listening for musical notes",2,contradictory,contradictory,contradictory,irrelevant,contradictory,False,True,False
deepseek_PS4bp_157,PS4bp,"How does this relate to other sounds we hear in our daily lives, do you think?",1,non_domain,non_domain,non_domain,non_domain,non_domain,True,True,True
deepseek_PS4bp_158,PS4bp,"If Darla uses a longer string, she might not hear as much of that twangy sound because the vibrations would take more time to form fully",2,irrelevant,non_domain,partially_correct_incomplete,irrelevant,irrelevant,False,False,True
deepseek_PS4bp_159,PS4bp,The pitch will remain the same because the length of the string doesn't affect the sound it produces,1,contradictory,partially_correct_incomplete,contradictory,contradictory,contradictory,True,True,True
deepseek_PS4bp_160,PS4bp,"If she pulls the string farther apart, it will cause slower vibrations and result in lower sounds due to having more space between them",1,1.0,partially_correct_incomplete,1.0,1.0,1.0,True,True,True
deepseek_PS4bp_161,PS4bp,"If another person tried plucking this same string from a different distance away, they would hear something slightly different than Darla did",1,irrelevant,irrelevant,irrelevant,irrelevant,irrelevant,True,True,True
deepseek_PS4bp_162,PS4bp,I wonder what happens if we use a different material for the string,2,non_domain,non_domain,irrelevant,non_domain,non_domain,False,False,True
deepseek_PS4bp_163,PS4bp,"If there's someone else near the door at the same time, their presence could affect how loud it sounds",1,irrelevant,irrelevant,irrelevant,irrelevant,irrelevant,True,True,True
deepseek_PS4bp_164,PS4bp,"Wow, I didn't know pulling a string could make such a sound!",2,non_domain,non_domain,irrelevant,non_domain,non_domain,False,False,True
deepseek_PS4bp_165,PS4bp,Making the string longer would increase the fundamental frequency and result in lower pitches as there is more string to vibrate,2,1.0,partially_correct_incomplete,1.0,partially_correct_incomplete,1.0,False,True,False
deepseek_PS4bp_166,PS4bp,"The pitch could change if Darla’s hand moved while holding the string, potentially altering its position and speed of vibration upon plucking",1,irrelevant,partially_correct_incomplete,irrelevant,irrelevant,irrelevant,True,True,True
deepseek_PS4bp_167,PS4bp,"Using thicker strings would naturally give lower pitches regardless of their actual lengths because they're less flexible and require more force to make them vibrate at higher frequencies, leading back to the fundamental principle about pitch vs tension relationship in stringed instruments",1,irrelevant,contradictory,irrelevant,irrelevant,irrelevant,True,True,True
deepseek_PS4bp_168,PS4bp,What she was eating prior can affect how well you hear the sound; crunchy food like chips makes it harder to notice quiet sounds,1,irrelevant,irrelevant,irrelevant,irrelevant,irrelevant,True,True,True
deepseek_PS4bp_169,PS4bp,"If Darla uses different types of strings (like cotton or metal), it doesn't affect the sound frequency at all",1,irrelevant,irrelevant,irrelevant,irrelevant,irrelevant,True,True,True
deepseek_PS4bp_170,PS4bp,"A longer string might create a lower tone because each end of the string would have more area vibrating in relation to the plucked section, but this is not guaranteed",2,partially_correct_incomplete,partially_correct_incomplete,partially_correct_incomplete,partially_correct_incomplete,1.0,True,False,False
deepseek_PS4bp_171,PS4bp,The material of the string can affect its acoustic properties; denser materials like steel will have different vibrations that produce pitches generally closer together and usually on the lower end,1,irrelevant,contradictory,irrelevant,irrelevant,irrelevant,True,True,True
deepseek_PS4bp_172,PS4bp,"Hmm, I bet it wouldn’t change much unless we used a heavier string.",3,contradictory,non_domain,contradictory,irrelevant,non_domain,False,False,False
deepseek_PS4bp_173,PS4bp,"When Darla makes the string longer, each vibration has more space between them so it produces less frequent notes or a lower pitch.",1,1.0,partially_correct_incomplete,1.0,1.0,1.0,True,True,True
deepseek_PS4bp_174,PS4bp,How do you think the length of the string changes its sound?,2,non_domain,non_domain,irrelevant,non_domain,non_domain,False,False,True
deepseek_PS4bp_175,PS4bp,Perceived loudness: Longer strings may produce louder sounds due to increased tension from being stretched out but this does not affect pitch directly; rather it impacts perceived volume,1,contradictory,1.0,contradictory,contradictory,contradictory,True,True,True
deepseek_PS4bp_176,PS4bp,"If there are other people nearby when she plucks the string, their presence could potentially affect what she hears as the pitch changes",1,irrelevant,irrelevant,irrelevant,irrelevant,irrelevant,True,True,True
deepseek_PS4bp_177,PS4bp,"In reality, a fixed distance from the plucking point makes no difference since it only affects amplitude rather than frequency; changing length won’t change what sound you hear directly under your hand touching or gripping there on impact",2,contradictory,contradictory,contradictory,irrelevant,contradictory,False,True,False
deepseek_PS4bp_178,PS4bp,"With a longer string, each oscillation of the doorknob takes more time for air molecules to compress and expand compared to when the string was shorter",2,partially_correct_incomplete,1.0,irrelevant,partially_correct_incomplete,partially_correct_incomplete,False,False,True
deepseek_PS4bp_179,PS4bp,"I think when strings are long, they make lower sounds than short ones!",1,1.0,non_domain,1.0,1.0,1.0,True,True,True
deepseek_PS4bp_180,PS4bp,The pitch would lower because longer strings have lower frequencies,1,1.0,1.0,1.0,1.0,1.0,True,True,True
deepseek_PS4bp_181,PS4bp,"I'm not sure how strings affect sound, can you explain?",2,non_domain,non_domain,irrelevant,non_domain,non_domain,False,False,True
deepseek_PS4bp_182,PS4bp,"Her emotional state right before answering the question (stress vs. calmness) can subtly affect auditory perception and memory of sounds, making it difficult for her students to recall specifics accurately without cues from Darla herself after performing the experiment at school with proper guidance!",1,irrelevant,irrelevant,irrelevant,irrelevant,irrelevant,True,True,True
deepseek_PS4bp_183,PS4bp,"If Darla plucks closer to one end of the string (the fixed point), it could produce an effect similar to tuning a guitar by moving your finger along the neck; pitch changes accordingly",2,irrelevant,partially_correct_incomplete,irrelevant,irrelevant,partially_correct_incomplete,True,False,False
deepseek_PS4bp_184,PS4bp,"The pitch will change based on how quickly she plucked and released the string, not its length",2,contradictory,irrelevant,contradictory,contradictory,irrelevant,True,False,False
deepseek_PS4bp_185,PS4bp,The acoustics of her room could change things too—a carpeted or padded room might muffle sounds compared to a bare wooden one,1,irrelevant,irrelevant,irrelevant,irrelevant,irrelevant,True,True,True
deepseek_PS4bp_186,PS4bp,"The higher the frequency produced by the plucked string, the longer its length was before being plucked",2,contradictory,1.0,contradictory,1.0,contradictory,False,True,False
deepseek_PS4bp_187,PS4bp,Plucking a wet string might increase pitch due to dampening effects from moisture on different parts of the string affecting how it vibrates when plucked audibly,1,irrelevant,contradictory,irrelevant,irrelevant,irrelevant,True,True,True
deepseek_PS4bp_188,PS4bp,"The fundamental frequency is determined by the speed of sound and density of the medium (air), which isn’t influenced by altering the string length",1,contradictory,contradictory,contradictory,contradictory,contradictory,True,True,True
deepseek_PS4bp_189,PS4bp,"Increasing the length changes the wavelength of the sound, but does not affect the perceived pitch to humans",1,contradictory,contradictory,contradictory,contradictory,contradictory,True,True,True
deepseek_PS4bp_190,PS4bp,Sound quality depends more on pressure applied and frequency at which Darla pulls her hand back than any specific measure of string length,2,irrelevant,contradictory,irrelevant,contradictory,irrelevant,False,True,False
deepseek_PS4bp_191,PS4bp,Doubling the string's length would double the frequency and hence triple or quadruple the pitch. This increase in pitch happens due to changes in the wave pattern as you change the distance between adjacent crests,1,contradictory,contradictory,contradictory,contradictory,contradictory,True,True,True
deepseek_PS4bp_192,PS4bp,"Hmm, maybe the length of the string has something to do with it?",2,non_domain,non_domain,irrelevant,non_domain,non_domain,False,False,True
deepseek_PS4bp_193,PS4bp,The pitch could also be affected by the thickness or weight of the string at different lengths,1,irrelevant,irrelevant,irrelevant,irrelevant,irrelevant,True,True,True
deepseek_PS4bp_194,PS4bp,"As the string gets longer, it vibrates at a slower rate and produces a lower-pitched sound when plucked",1,1.0,partially_correct_incomplete,1.0,1.0,1.0,True,True,True
deepseek_PS4bp_195,PS4bp,"If it's raining, sound would get muffled due to water droplets hitting the door and floor",1,irrelevant,irrelevant,irrelevant,irrelevant,irrelevant,True,True,True
deepseek_PS4bp_196,PS4bp,"Plucking closer to one side makes the pitch higher while farther from that side lowers it, irrespective of whether she changes physical lengths or not",2,irrelevant,contradictory,1.0,irrelevant,irrelevant,False,False,True
deepseek_PS4bp_197,PS4bp,"The key factor in determining pitch isn't length but tension, which Darla controls by holding the other end of the string",2,irrelevant,irrelevant,irrelevant,contradictory,irrelevant,False,True,False
deepseek_PS4bp_198,PS4bp,"The pitch would change because longer strings have lower frequencies, making the sound lower in pitch",1,1.0,partially_correct_incomplete,1.0,1.0,1.0,True,True,True
deepseek_PS4bp_199,PS4bp,Maybe longer strings create softer sounds because they slow down the vibrations more before reaching your ears,1,irrelevant,non_domain,irrelevant,irrelevant,irrelevant,True,True,True
deepseek_PS4bp_200,PS4bp,"Adjusting the length affects the harmonics produced by the plucked string, which can give different timbres rather than changing pitch",2,contradictory,contradictory,contradictory,contradictory,irrelevant,True,False,False
deepseek_PS4bp_201,PS4bp,The pitch would also differ if she used her other hand instead of just one finger for plucking,1,irrelevant,irrelevant,irrelevant,irrelevant,irrelevant,True,True,True
deepseek_PS4bp_202,PS4bp,The pitch would probably change from high-pitched twangs to maybe a deeper sound with a longer string,2,partially_correct_incomplete,non_domain,1.0,partially_correct_incomplete,partially_correct_incomplete,False,False,True
deepseek_PS4bp_203,PS4bp,The sound would change because Darla's mood affects her plucking technique,1,irrelevant,irrelevant,irrelevant,irrelevant,irrelevant,True,True,True
deepseek_PS4bp_204,PS4bp,Higher pitches are louder than lower ones; this has nothing to do with the string’s physical properties,2,irrelevant,irrelevant,irrelevant,contradictory,irrelevant,False,True,False
deepseek_PS4bp_205,PS4bp,"Greater resonance: Longer strings may resonate for a longer period of time after plucking, enhancing perceived pitch stability",2,irrelevant,1.0,irrelevant,irrelevant,partially_correct_incomplete,True,False,False
deepseek_PS4bp_206,PS4bp,Could the length affect how quickly you can pluck it again and again?,2,non_domain,non_domain,irrelevant,non_domain,non_domain,False,False,True
deepseek_PS4bp_207,PS4bp,"I'm not sure about that, but it sounds interesting!",1,non_domain,non_domain,non_domain,non_domain,non_domain,True,True,True
deepseek_PS4bp_208,PS4bp,"Pitch continuity: A continuous spectrum of pitches can occur across various string lengths, each producing distinct overtones depending on the length adjustment by Darla",1,irrelevant,1.0,irrelevant,irrelevant,irrelevant,True,True,True
deepseek_PS4bp_209,PS4bp,"The pitch will change based on the tension in the string, not its length",2,contradictory,irrelevant,contradictory,contradictory,irrelevant,True,False,False
deepseek_PS4bp_210,PS4bp,Changing the length won't change the fundamental frequency unless Darla changes where she holds the string or how it’s attached to the doorknob,3,irrelevant,partially_correct_incomplete,partially_correct_incomplete,irrelevant,contradictory,False,False,False
deepseek_PS4bp_211,PS4bp,"When you make the string longer, it creates a sound with a higher frequency",1,contradictory,1.0,contradictory,contradictory,contradictory,True,True,True
deepseek_PS4bp_212,PS4bp,"Darla would hear a higher pitch as longer strings are tauter, leading to more frequent vibrations per unit time",1,contradictory,contradictory,contradictory,contradictory,contradictory,True,True,True
deepseek_PS4bp_213,PS4bp,"Making the string longer might change the pitch if Darla adjusted her angle while plucking, which would alter how much energy she’s transferring to the string and thus its vibration rate",2,irrelevant,partially_correct_incomplete,irrelevant,irrelevant,partially_correct_incomplete,True,False,False
deepseek_PS4bp_214,PS4bp,"Longer strings generally produce lower tones unless other factors like tension or thickness are altered; in this case, changing only length could affect sound quality subtly",2,1.0,1.0,1.0,partially_correct_incomplete,1.0,False,True,False
deepseek_PS4bp_215,PS4bp,"The pitch would increase if the string was lengthened, making it higher in frequency",1,contradictory,1.0,contradictory,contradictory,contradictory,True,True,True
deepseek_PS4bp_216,PS4bp,More harmonics: Longer strings can produce more overtones (harmonics) contributing to a richer timbre at lower pitches,2,1.0,1.0,1.0,irrelevant,1.0,False,True,False
deepseek_PS4bp_217,PS4bp,"The pitch will get lower if Darla makes the string longer because a longer string has more waves, which result in lower pitches",2,1.0,partially_correct_incomplete,1.0,partially_correct_incomplete,1.0,False,True,False
deepseek_PS4bp_218,PS4bp,"What part of music would this be in, if we were talking about instruments?",1,non_domain,non_domain,non_domain,non_domain,non_domain,True,True,True
deepseek_PS4bp_219,PS4bp,How about using different types of string? Would that change things too?,2,non_domain,non_domain,irrelevant,non_domain,non_domain,False,False,True
deepseek_PS4bp_220,PS4bp,"The pitch might alter if Darla uses a different type of string, like silk instead of cotton",1,irrelevant,irrelevant,irrelevant,irrelevant,irrelevant,True,True,True
deepseek_PS4bp_221,PS4bp,"When you make your string longer while holding the other fixed point in place, there’s less likelihood of a tight coil at one spot causing higher frequency sounds compared to when it's shorter with uniform tension across its length",1,contradictory,contradictory,contradictory,contradictory,contradictory,True,True,True
deepseek_PS4bp_222,PS4bp,"A longer string means less tension; therefore, it should result in a lower pitch than if she used a shorter one with the same amount of tension",3,partially_correct_incomplete,contradictory,1.0,partially_correct_incomplete,contradictory,False,False,False
deepseek_PS4bp_223,PS4bp,How Darla's shoes affect her grip on the string or whether she’s wearing socks instead of shoes could potentially change the sound produced more than the physical properties of the string itself,1,irrelevant,irrelevant,irrelevant,irrelevant,irrelevant,True,True,True
deepseek_PS4bp_224,PS4bp,"When you make a longer string and pluck it while holding its end close to your ear, the pitch might become deeper because of increased acoustic resonance within the tight space near your eardrum",2,1.0,1.0,1.0,partially_correct_incomplete,1.0,False,True,False
deepseek_PS4bp_225,PS4bp,"If it's daytime and there are lots of people talking loudly outside, you can hardly hear the sound anyway",2,irrelevant,irrelevant,irrelevant,non_domain,irrelevant,False,True,False
deepseek_PS4bp_226,PS4bp,"With a longer string, the vibrations are less frequent and thus result in lower-pitched sounds when plucked",1,1.0,partially_correct_incomplete,1.0,1.0,1.0,True,True,True
deepseek_PS4bp_227,PS4bp,"The pitch would increase if Darla made the string longer because it creates a larger vibrating surface, which produces higher-pitched sounds when plucked",1,contradictory,1.0,contradictory,contradictory,contradictory,True,True,True
deepseek_PS4bp_228,PS4bp,"Sounds cool, can you explain more?",1,non_domain,non_domain,non_domain,non_domain,non_domain,True,True,True
deepseek_PS4bp_229,PS4bp,"If Darla extends her hand further away from the doorknob during the experiment, she may perceive lower pitches due to reduced distance for sound wave transmission between the plucked string and listener's ear",2,partially_correct_incomplete,1.0,1.0,partially_correct_incomplete,partially_correct_incomplete,False,False,True
deepseek_PS4bp_230,PS4bp,Whether she's indoors or outdoors makes a difference because sound travels differently through different mediums like air versus wood and glass,1,irrelevant,irrelevant,irrelevant,irrelevant,irrelevant,True,True,True
deepseek_PS4bp_231,PS4bp,"The sound's intensity may decrease if Darla uses a long enough string that allows some of its energy to dissipate before reaching her ear, leading to lower volume pitches",1,partially_correct_incomplete,contradictory,partially_correct_incomplete,partially_correct_incomplete,partially_correct_incomplete,True,True,True
deepseek_PS4bp_232,PS4bp,"The temperature in the room could potentially affect the elasticity of the string, but not necessarily its ability to produce sound when plucked",1,irrelevant,irrelevant,irrelevant,irrelevant,irrelevant,True,True,True
deepseek_PS4bp_233,PS4bp,"The pitch would get lower because a longer string has more mass at each end, causing it to vibrate slower and produce lower frequencies",2,partially_correct_incomplete,partially_correct_incomplete,1.0,partially_correct_incomplete,partially_correct_incomplete,False,False,True
deepseek_PS4bp_234,PS4bp,"The pitch will change depending upon the thickness and density of the string material, not its length alone. A thicker and denser string may produce sounds at lower pitches despite being shorter compared with thinner materials producing high pitched noises for same lengths",1,contradictory,contradictory,contradictory,contradictory,contradictory,True,True,True
deepseek_PS4bp_235,PS4bp,Wave interference pattern: The standing wave formed on a longer string experiences different interference patterns at varying lengths leading to variations in frequency and therefore pitch,2,irrelevant,1.0,partially_correct_incomplete,irrelevant,irrelevant,False,False,True
deepseek_PS4bp_236,PS4bp,If it is daytime or night-time could impact the perception of the sound’s pitch due to lighting conditions,1,irrelevant,irrelevant,irrelevant,irrelevant,irrelevant,True,True,True
deepseek_PS4bp_237,PS4bp,The pitch would decrease because shorter strings produce higher pitches compared to longer ones,1,1.0,partially_correct_incomplete,1.0,1.0,1.0,True,True,True
deepseek_PS4bp_238,PS4bp,"The pitch will remain constant, regardless of string length because sound is produced by vibrations which are not affected by the length of the vibrating object (in this case, the string)",1,contradictory,contradictory,contradictory,contradictory,contradictory,True,True,True
deepseek_PS4bp_239,PS4bp,Whether or not there’s an echo chamber behind the door could alter sound dynamics far more than adjusting string length alone does for pitch,1,irrelevant,irrelevant,irrelevant,irrelevant,irrelevant,True,True,True
deepseek_PS4bp_240,PS4bp,That's pretty weird... how does this work again?,1,non_domain,non_domain,non_domain,non_domain,non_domain,True,True,True
deepseek_PS4bp_241,PS4bp,The pitch would rise if Darla lengthened the string due to the increase in wave speed,1,contradictory,1.0,contradictory,contradictory,contradictory,True,True,True
deepseek_PS4bp_242,PS4bp,"The plucked string's wavelength is extended with a longer string, resulting in decreased pitch",1,1.0,1.0,1.0,1.0,1.0,True,True,True
deepseek_PS4bp_243,PS4bp,Darla can also affect the pitch by changing how hard she pulls the string and her grip strength,1,irrelevant,irrelevant,irrelevant,irrelevant,irrelevant,True,True,True
deepseek_PS4bp_244,PS4bp,The sound is probably based on how she plucked or manipulated the string; making it longer wouldn’t have much impact unless she changed her technique,2,contradictory,partially_correct_incomplete,contradictory,contradictory,irrelevant,True,False,False
deepseek_PS4bp_245,PS4bp,"Longer strings make higher pitches, right?",1,contradictory,non_domain,contradictory,contradictory,contradictory,True,True,True
deepseek_PS4bp_246,PS4bp,"Longer strings produce lower pitches due to their smaller vibrating surfaces and reduced amplitude; however, this effect may be subtle unless the length is significantly increased",2,1.0,1.0,1.0,partially_correct_incomplete,1.0,False,True,False
deepseek_PS4bp_247,PS4bp,"I'm not sure, maybe it depends on how long you make the string",2,non_domain,non_domain,irrelevant,non_domain,non_domain,False,False,True
deepseek_PS4bp_248,PS4bp,Adjusting the length affects sound quality but not pitch directly unless it influences tension levels that determine frequency range of vibration possible at either end,1,contradictory,partially_correct_incomplete,contradictory,contradictory,contradictory,True,True,True
deepseek_PS4bp_249,PS4bp,I can't believe we're talking about sounds from a string. So weird!,2,non_domain,non_domain,irrelevant,non_domain,non_domain,False,False,True