id,Prompt,text_clean,Num_unique,Gold_annotation,Copied from Resolved,Label_LLM,Annotation (MB) OLD,Annotation (MB), Annotation (TZ) OLD,Annotation (TZ),Annotation (KS) OLD,Annotation (KS),Agree_MB_TZ,Agree_MB_KS,Agree_TZ_KS
deepseek_VB1_0,VB1,The key feature of a controlled experiment is that it allows for control over extraneous variables to ensure that any observed results can be attributed solely to the manipulated factor.,1,1.0,,1.0,1.0,1.0,1.0,1.0,1.0,1.0,True,True,True
deepseek_VB1_1,VB1,"A controlled experiment is when you take a group of participants and give them different types of candy to see which one they like best, completely unrelated to any science or math topic discussed in class",2,contradictory,,irrelevant,contradictory,contradictory,contradictory,contradictory,irrelevant,irrelevant,True,False,False
deepseek_VB1_2,VB1,"The experiment is considered controlled if it lacks any external variables, making it impossible to detect significant effects",2,contradictory,,contradictory,contradictory,contradictory,contradictory,contradictory,partially_correct_incomplete,partially_correct_incomplete,True,False,False
deepseek_VB1_3,VB1,"Like playing tag, but some friends always get to be 'it'! You understand what I mean?",2,non_domain,,non_domain,irrelevant,irrelevant,non_domain,non_domain,non_domain,non_domain,False,False,True
deepseek_VB1_4,VB1,A controlled experiment is a scientific method where variables are manipulated by the experimenter to determine cause and effect relationships,1,partially_correct_incomplete,,1.0,partially_correct_incomplete,partially_correct_incomplete,partially_correct_incomplete,partially_correct_incomplete,partially_correct_incomplete,partially_correct_incomplete,True,True,True
deepseek_VB1_5,VB1,"By definition, a controlled experiment ensures that extraneous variables are isolated and do not affect the outcome to enable accurate interpretation of results and conclusions drawn from it",2,partially_correct_incomplete,,1.0,partially_correct_incomplete,partially_correct_incomplete,1.0,1.0,partially_correct_incomplete,partially_correct_incomplete,False,True,False
deepseek_VB1_6,VB1,It involves an experimental group that receives one variable (the treatment) while keeping all other conditions constant for a control group,1,1.0,,1.0,1.0,1.0,1.0,1.0,1.0,1.0,True,True,True
deepseek_VB1_7,VB1,A controlled experiment is when you try out different ways to study for tests with your friends and compare which way works best without getting too many distractions around,1,irrelevant,T,irrelevant,partially_correct_incomplete,irrelevant,irrelevant,irrelevant,contradictory,irrelevant,True,True,True
deepseek_VB1_8,VB1,A controlled experiment is when you carefully measure things like temperature and pressure to see how they affect a reaction in chemistry class,2,contradictory,,irrelevant,partially_correct_incomplete,partially_correct_incomplete,contradictory,contradictory,contradictory,contradictory,False,False,True
deepseek_VB1_9,VB1,"An experiment that has exactly two groups, with the difference being in just one variable or treatment given to each group separately",2,1.0,,partially_correct_incomplete,1.0,1.0,partially_correct_incomplete,partially_correct_incomplete,1.0,1.0,False,True,False
deepseek_VB1_10,VB1,It's like when we play a game where everyone has to follow certain rules.,2,irrelevant,,non_domain,irrelevant,irrelevant,non_domain,non_domain,irrelevant,irrelevant,False,True,False
deepseek_VB1_11,VB1,A controlled experiment is when you try something and then see what happens.,1,irrelevant,T,non_domain,irrelevant,irrelevant,contradictory,irrelevant,partially_correct_incomplete,irrelevant,True,True,True
deepseek_VB1_12,VB1,Talking about laboratory safety measures,2,irrelevant,,irrelevant,irrelevant,irrelevant,non_domain,non_domain,irrelevant,irrelevant,False,True,False
deepseek_VB1_13,VB1,"A recipe for making cookies in cooking class isn’t about controlling variables, but more about baking delicious treats",2,irrelevant,,irrelevant,irrelevant,irrelevant,non_domain,non_domain,irrelevant,irrelevant,False,True,False
deepseek_VB1_14,VB1,Isn’t that something scientists use to test ideas?,1,non_domain,T,non_domain,irrelevant,non_domain,non_domain,non_domain,partially_correct_incomplete,non_domain,True,True,True
deepseek_VB1_15,VB1,"A controlled experiment means keeping score while playing tag in PE class and making sure everyone gets equal turns being ""it"" according to strict rules set out by our teacher",2,irrelevant,,irrelevant,irrelevant,irrelevant,contradictory,contradictory,irrelevant,irrelevant,False,True,False
deepseek_VB1_16,VB1,"An analytical approach wherein specific conditions can be controlled and manipulated within clearly defined limits, enabling researchers to isolate particular factors for detailed study without external influences complicating results",2,1.0,,1.0,1.0,1.0,partially_correct_incomplete,partially_correct_incomplete,1.0,1.0,False,True,False
deepseek_VB1_17,VB1,"An experiment in which at least one variable is manipulated by an investigator to determine its effect on another variable, while keeping all other factors constant to ensure that changes observed are due solely to the manipulation of the independent variable",1,1.0,,1.0,1.0,1.0,1.0,1.0,1.0,1.0,True,True,True
deepseek_VB1_18,VB1,It means you deliberately change one thing and measure its effect while making sure nothing else changes – like when scientists once tested whether plants grow better with heat lamps by keeping all other conditions constant except for warmth,1,1.0,,partially_correct_incomplete,1.0,1.0,1.0,1.0,1.0,1.0,True,True,True
deepseek_VB1_19,VB1,Can this be part of our next science project maybe?,2,non_domain,,non_domain,non_domain,non_domain,non_domain,non_domain,irrelevant,irrelevant,True,False,False
deepseek_VB1_20,VB1,"Lack of Replication: If an experiment isn't replicated multiple times under the same conditions, it fails to establish reliability and replicability which are crucial in science",2,irrelevant,,contradictory,irrelevant,irrelevant,irrelevant,irrelevant,contradictory,contradictory,True,False,False
deepseek_VB1_21,VB1,"A controlled experiment is where you pick one toy to play with and give up all others for some time; this way, you really get to know the ins and outs of your favorite game",2,irrelevant,,irrelevant,irrelevant,irrelevant,partially_correct_incomplete,partially_correct_incomplete,irrelevant,irrelevant,False,True,False
deepseek_VB1_22,VB1,"In a controlled experiment, we make sure everything stays the same except for what we want to change to test our idea.",1,1.0,,partially_correct_incomplete,1.0,1.0,1.0,1.0,1.0,1.0,True,True,True
deepseek_VB1_23,VB1,A controlled experiment uses a randomized control design to reduce bias and provide evidence for cause-and-effect relationships that can be generalized beyond the specific participants studied,2,partially_correct_incomplete,,1.0,partially_correct_incomplete,partially_correct_incomplete,irrelevant,irrelevant,partially_correct_incomplete,partially_correct_incomplete,False,True,False
deepseek_VB1_24,VB1,An investigative procedure wherein one or more variables are intentionally varied under controlled circumstances so as to permit rigorous examination and analysis of the relationship between these changes (the independent variable) and some observable outcome or behavior (the dependent variable),1,1.0,,1.0,1.0,1.0,1.0,1.0,1.0,1.0,True,True,True
deepseek_VB1_25,VB1,A controlled experiment is when you observe wild animals in their natural habitat without any interference or control group involved,2,contradictory,,contradictory,contradictory,contradictory,contradictory,contradictory,irrelevant,irrelevant,True,False,False
deepseek_VB1_26,VB1,"In a controlled experiment, only one variable changes while all others are held constant to determine cause and effect relationships.",1,1.0,,1.0,1.0,1.0,1.0,1.0,1.0,1.0,True,True,True
deepseek_VB1_27,VB1,"In a well-designed controlled experiment, participants are randomly assigned into groups that receive different levels of the experimental manipulation (independent variable) in order to reduce potential biases and ensure internal validity",2,partially_correct_incomplete,,1.0,partially_correct_incomplete,partially_correct_incomplete,1.0,1.0,partially_correct_incomplete,partially_correct_incomplete,False,True,False
deepseek_VB1_28,VB1,A controlled experiment is critical for scientific discovery as it allows for the reduction of external factors and focus on direct relationships between variables that may otherwise go unnoticed or misattributed under uncontrolled conditions,1,partially_correct_incomplete,,1.0,partially_correct_incomplete,partially_correct_incomplete,partially_correct_incomplete,partially_correct_incomplete,partially_correct_incomplete,partially_correct_incomplete,True,True,True
deepseek_VB1_29,VB1,"An experiment where we change something on purpose and see what happens, but make sure nothing else changes at the same time so we can understand why things happen",1,1.0,,partially_correct_incomplete,1.0,1.0,1.0,1.0,1.0,1.0,True,True,True
deepseek_VB1_30,VB1,"A controlled experiment involves isolating one factor to see its impact on a particular outcome, while keeping all other factors constant",2,1.0,,partially_correct_incomplete,1.0,1.0,1.0,1.0,partially_correct_incomplete,partially_correct_incomplete,True,False,False
deepseek_VB1_31,VB1,What does that mean exactly? Can you give me an example?,1,non_domain,,non_domain,non_domain,non_domain,non_domain,non_domain,non_domain,non_domain,True,True,True
deepseek_VB1_32,VB1,"An experiment in which one aspect is intentionally altered (the independent variable) and all others remain consistent, allowing researchers to attribute any resulting changes directly to the manipulated condition without external interference from unrelated factors",1,1.0,,1.0,1.0,1.0,1.0,1.0,1.0,1.0,True,True,True
deepseek_VB1_33,VB1,"An experimental design that involves systematically varying at least one independent variable and observing its effect, maintaining all other conditions constant across different groups being tested or compared so as not to confound results with extraneous factors",1,1.0,,1.0,1.0,1.0,1.0,1.0,1.0,1.0,True,True,True
deepseek_VB1_34,VB1,Insufficient Variability: A study with too little variation between groups does not allow for valid statistical analysis or interpretation of results,2,irrelevant,,contradictory,irrelevant,irrelevant,irrelevant,irrelevant,contradictory,contradictory,True,False,False
deepseek_VB1_35,VB1,Describing the process of peer review in academic journals,2,irrelevant,,irrelevant,irrelevant,irrelevant,contradictory,contradictory,irrelevant,irrelevant,False,True,False
deepseek_VB1_36,VB1,It's what we do during science fairs where we test different mixtures of baking soda and vinegar to see which one fizzes the most,2,irrelevant,,irrelevant,irrelevant,irrelevant,contradictory,contradictory,irrelevant,irrelevant,False,True,False
deepseek_VB1_37,VB1,It’s when we do activities in class and sometimes groups have to change because everyone gets a turn at something new!,2,irrelevant,,non_domain,irrelevant,irrelevant,contradictory,contradictory,irrelevant,irrelevant,False,True,False
deepseek_VB1_38,VB1,The control group in a controlled experiment is kept constant across all test subjects to avoid external influences on the data collection process,2,contradictory,,partially_correct_incomplete,irrelevant,irrelevant,contradictory,contradictory,contradictory,contradictory,False,False,True
deepseek_VB1_39,VB1,"It involves two groups receiving different treatments in order to test their effects, while keeping all other factors constant to prevent interference",2,1.0,,partially_correct_incomplete,1.0,1.0,1.0,1.0,partially_correct_incomplete,partially_correct_incomplete,True,False,False
deepseek_VB1_40,VB1,"Comparing two groups of subjects, with one group receiving an intervention and another not",1,partially_correct_incomplete,T,partially_correct_incomplete,partially_correct_incomplete,partially_correct_incomplete,1.0,partially_correct_incomplete,contradictory,partially_correct_incomplete,True,True,True
deepseek_VB1_41,VB1,Any intervention within a controlled experiment must be fully randomized to ensure its validity as scientifically significant data,2,irrelevant,,contradictory,irrelevant,irrelevant,irrelevant,irrelevant,contradictory,contradictory,True,False,False
deepseek_VB1_42,VB1,The definition of a controlled experiment excludes involving animals or plants since they can't be scientifically quantified like humans and therefore their behavior cannot provide valid results for scientific studies,2,irrelevant,,contradictory,contradictory,contradictory,irrelevant,irrelevant,irrelevant,irrelevant,False,False,True
deepseek_VB1_43,VB1,A controlled experiment is when you set up your science project so there's just one thing that might affect the outcome.,2,1.0,,partially_correct_incomplete,1.0,1.0,1.0,1.0,partially_correct_incomplete,partially_correct_incomplete,True,False,False
deepseek_VB1_44,VB1,"Observational Study: A controlled experiment involves direct observation, while this suggests a purely observational study where participants are not manipulated or controlled by the researcher",2,contradictory,,contradictory,contradictory,contradictory,irrelevant,irrelevant,contradictory,contradictory,False,True,False
deepseek_VB1_45,VB1,This type of study ensures that any changes observed in the dependent variable can be attributed solely to the manipulation of the independent variable without external influences,1,1.0,,1.0,1.0,1.0,1.0,1.0,1.0,1.0,True,True,True
deepseek_VB1_46,VB1,An experiment where only one variable is changed to see its effect on a particular outcome,1,1.0,,partially_correct_incomplete,1.0,1.0,1.0,1.0,1.0,1.0,True,True,True
deepseek_VB1_47,VB1,It's like cooking where you only add salt and nothing else changes in the recipe to see how it affects taste.,2,1.0,,partially_correct_incomplete,1.0,1.0,1.0,1.0,irrelevant,irrelevant,True,False,False
deepseek_VB1_48,VB1,Is that something we have to remember for a test?,1,non_domain,,non_domain,non_domain,non_domain,non_domain,non_domain,non_domain,non_domain,True,True,True
deepseek_VB1_49,VB1,A controlled experiment is playing with toy cars in the sandbox—you can control how it goes and adjust as needed.,2,irrelevant,,non_domain,irrelevant,irrelevant,contradictory,contradictory,irrelevant,irrelevant,False,True,False
deepseek_VB1_50,VB1,A controlled experiment is characterized by its design wherein an independent variable (cause) is purposely altered with the aim of determining whether there is any change in the dependent variable (effect),2,1.0,,1.0,partially_correct_incomplete,partially_correct_incomplete,1.0,1.0,1.0,1.0,False,False,True
deepseek_VB1_51,VB1,"In a controlled experiment, everything except the variable we change stays the same for comparison.",1,1.0,,partially_correct_incomplete,1.0,1.0,1.0,1.0,1.0,1.0,True,True,True
deepseek_VB1_52,VB1,"In language arts, it means sticking strictly to reading classic literature rather than exploring newer books that might be more engaging",1,irrelevant,,irrelevant,irrelevant,irrelevant,irrelevant,irrelevant,irrelevant,irrelevant,True,True,True
deepseek_VB1_53,VB1,A controlled experiment is when you have a hypothesis and then set up an environment where that hypothesis can be tested. It's like setting up your own little science fair project!,1,partially_correct_incomplete,,irrelevant,partially_correct_incomplete,partially_correct_incomplete,partially_correct_incomplete,partially_correct_incomplete,partially_correct_incomplete,partially_correct_incomplete,True,True,True
deepseek_VB1_54,VB1,"It's not about experiments in the art room where we paint self-portraits, but something entirely different",2,irrelevant,,irrelevant,non_domain,non_domain,irrelevant,irrelevant,irrelevant,irrelevant,False,False,True
deepseek_VB1_55,VB1,"In a true experiment, participants are randomly assigned to different groups for treatment, but it's not necessary for success; some experiments can succeed with just careful observation and no intervention at all",1,contradictory,,contradictory,contradictory,contradictory,contradictory,contradictory,contradictory,contradictory,True,True,True
deepseek_VB1_56,VB1,"Personal Opinion without Evidence: A definition should be based on academic criteria rather than personal beliefs or opinions, which is more aligned with evidence-based practice",2,irrelevant,,contradictory,irrelevant,irrelevant,irrelevant,irrelevant,contradictory,contradictory,True,False,False
deepseek_VB1_57,VB1,Is it about making everything predictable and measured for testing?,2,contradictory,,non_domain,irrelevant,irrelevant,contradictory,contradictory,contradictory,contradictory,False,False,True
deepseek_VB1_58,VB1,It's like building blocks; each step adds to the bigger picture we want to achieve.,2,non_domain,T,non_domain,irrelevant,non_domain,contradictory,non_domain,non_domain,partially_correct_incomplete,True,False,False
deepseek_VB1_59,VB1,How do you define something like that in regular life?,1,non_domain,,non_domain,non_domain,non_domain,non_domain,non_domain,non_domain,non_domain,True,True,True
deepseek_VB1_60,VB1,"In a well-designed controlled experiment, participants must be tested more than once to measure changes or effects over time",1,contradictory,,partially_correct_incomplete,contradictory,contradictory,contradictory,contradictory,contradictory,contradictory,True,True,True
deepseek_VB1_61,VB1,Is there a fun project we could make based on these ideas?,1,non_domain,,non_domain,non_domain,non_domain,non_domain,non_domain,non_domain,non_domain,True,True,True
deepseek_VB1_62,VB1,"A standard feature of controlled experiments is their ability to control for confounding factors which might otherwise bias or influence outcomes, allowing for clear causation evidence if significant effects occur as predicted",1,partially_correct_incomplete,,1.0,partially_correct_incomplete,partially_correct_incomplete,partially_correct_incomplete,partially_correct_incomplete,partially_correct_incomplete,partially_correct_incomplete,True,True,True
deepseek_VB1_63,VB1,"In a controlled experiment, there are specific rules about what can be different or altered in order to get accurate results.",2,partially_correct_incomplete,,partially_correct_incomplete,partially_correct_incomplete,partially_correct_incomplete,partially_correct_incomplete,partially_correct_incomplete,irrelevant,irrelevant,True,False,False
deepseek_VB1_64,VB1,"A well-designed uncontrolled study is the same thing as a controlled experiment because both involve setting parameters to ensure accurate outcome measurement, even if one does not actively manipulate variables directly in an experiment",1,contradictory,,contradictory,contradictory,contradictory,contradictory,contradictory,contradictory,contradictory,True,True,True
deepseek_VB1_65,VB1,"No Blind Procedure: If participants know which group they belong to in an experiment (knowing as), the control aspect is compromised because bias can influence their responses based on expectations about treatment",1,partially_correct_incomplete,F,contradictory,irrelevant,partially_correct_incomplete,partially_correct_incomplete,partially_correct_incomplete,contradictory,partially_correct_incomplete,True,True,True
deepseek_VB1_66,VB1,"I'm not really sure, can you explain what it is?",1,non_domain,,non_domain,non_domain,non_domain,non_domain,non_domain,non_domain,non_domain,True,True,True
deepseek_VB1_67,VB1,"Do other classes talk about this too, or is it just ours?",1,non_domain,,non_domain,non_domain,non_domain,non_domain,non_domain,non_domain,non_domain,True,True,True
deepseek_VB1_68,VB1,"A controlled experiment means comparing the outcome of two sets of data where one set is manipulated by you in any way possible, which isn’t always true as sometimes variables are uncontrollable",1,contradictory,,contradictory,contradictory,contradictory,contradictory,contradictory,contradictory,contradictory,True,True,True
deepseek_VB1_69,VB1,"I heard of experiments, but not sure what you're asking",1,non_domain,,non_domain,non_domain,non_domain,non_domain,non_domain,non_domain,non_domain,True,True,True
deepseek_VB1_70,VB1,What does our teacher say about what they mean by this term?,1,non_domain,,non_domain,non_domain,non_domain,non_domain,non_domain,non_domain,non_domain,True,True,True
deepseek_VB1_71,VB1,"Ineffective Use of Controls: An experiment where control groups are not effectively isolated from experimental manipulations might lead to confounding results, making it hard to attribute any changes observed strictly to the treatment group",2,partially_correct_incomplete,,contradictory,partially_correct_incomplete,partially_correct_incomplete,partially_correct_incomplete,partially_correct_incomplete,contradictory,contradictory,True,False,False
deepseek_VB1_72,VB1,A controlled experiment is when you test a hypothesis with one variable changed and keep all other variables constant.,1,1.0,,partially_correct_incomplete,1.0,1.0,1.0,1.0,1.0,1.0,True,True,True
deepseek_VB1_73,VB1,"A controlled experiment is a scientific method where one variable (the ""independent variable"") is manipulated, while all other variables are held constant to observe their effects on another variable (the ""dependent variable"")",1,1.0,,1.0,1.0,1.0,1.0,1.0,1.0,1.0,True,True,True
deepseek_VB1_74,VB1,A controlled experiment is like cooking: you change one ingredient (the independent variable) and measure what happens when it's cooked differently from the rest of your recipe,1,partially_correct_incomplete,F,partially_correct_incomplete,partially_correct_incomplete,partially_correct_incomplete,1.0,partially_correct_incomplete,irrelevant,partially_correct_incomplete,True,True,True
deepseek_VB1_75,VB1,A controlled experiment involves two groups—one group receives the intervention while another does not—to compare outcomes,1,partially_correct_incomplete,,partially_correct_incomplete,partially_correct_incomplete,partially_correct_incomplete,partially_correct_incomplete,partially_correct_incomplete,partially_correct_incomplete,partially_correct_incomplete,True,True,True
deepseek_VB1_76,VB1,A scientific study where only one factor changes while everything else remains consistent between different groups,2,1.0,,partially_correct_incomplete,1.0,1.0,1.0,1.0,partially_correct_incomplete,partially_correct_incomplete,True,False,False
deepseek_VB1_77,VB1,Comparing scientific theories and models,2,irrelevant,,irrelevant,irrelevant,irrelevant,contradictory,contradictory,irrelevant,irrelevant,False,True,False
deepseek_VB1_78,VB1,When you change a single thing and see what happens; like when we tested how sunlight affects plant growth by giving some plants more light than others,2,1.0,,partially_correct_incomplete,1.0,1.0,1.0,1.0,partially_correct_incomplete,partially_correct_incomplete,True,False,False
deepseek_VB1_79,VB1,Why are we talking about controlled experiments today?,1,non_domain,,non_domain,non_domain,non_domain,non_domain,non_domain,non_domain,non_domain,True,True,True
deepseek_VB1_80,VB1,Isn't that something scientists use for studying stuff?,2,irrelevant,,non_domain,irrelevant,irrelevant,non_domain,non_domain,irrelevant,irrelevant,False,True,False
deepseek_VB1_81,VB1,A controlled experiment involves solving crossword puzzles but only with clues provided in the puzzle itself and no outside assistance,3,irrelevant,F,irrelevant,irrelevant,irrelevant,contradictory,contradictory,non_domain,non_domain,False,False,False
deepseek_VB1_82,VB1,"It’s when we make rules for a short period of time and see how it works out in class, sort of like trying out new strategies sometimes!",2,non_domain,F,non_domain,irrelevant,non_domain,contradictory,irrelevant,non_domain,non_domain,False,True,False
deepseek_VB1_83,VB1,Overly Complex Design: An overly complex experimental design can obscure key variables and make results difficult to interpret effectively for non-experts,1,irrelevant,T,contradictory,irrelevant,irrelevant,partially_correct_incomplete,irrelevant,contradictory,irrelevant,True,True,True
deepseek_VB1_84,VB1,I think it's about dividing your classroom into sections with dividers so each student has their own personal space for learning without distractions from others around them,2,contradictory,,irrelevant,contradictory,contradictory,contradictory,contradictory,irrelevant,irrelevant,True,False,False
deepseek_VB1_85,VB1,"A controlled scientific study where there's an explicit intervention by the experimenter intended to alter specific conditions (the manipulated factor), resulting in a situation that allows for careful measurement of any effects on another variable, while preventing external influences from obscuring cause and effect relationships being tested",1,1.0,,1.0,1.0,1.0,1.0,1.0,1.0,1.0,True,True,True
deepseek_VB1_86,VB1,An experiment where everything except for the manipulated variable is kept constant across both groups  comparing two sets of subjects or variables without any external influences interfering,1,1.0,,partially_correct_incomplete,1.0,1.0,1.0,1.0,1.0,1.0,True,True,True
deepseek_VB1_87,VB1,"Non-Standardized Conditions: If the conditions across different groups within the same experimental setup vary significantly or aren’t standardized (e.g., varying time of day), this can undermine efforts towards understanding cause and effect accurately",2,partially_correct_incomplete,F,contradictory,irrelevant,partially_correct_incomplete,partially_correct_incomplete,irrelevant,contradictory,partially_correct_incomplete,False,True,False
deepseek_VB1_88,VB1,"In a controlled experiment, scientists isolate and test specific factors by randomly assigning participants or controlling environmental conditions",1,partially_correct_incomplete,,1.0,partially_correct_incomplete,partially_correct_incomplete,partially_correct_incomplete,partially_correct_incomplete,partially_correct_incomplete,partially_correct_incomplete,True,True,True
deepseek_VB1_89,VB1,This type of experiment is particularly useful in eliminating alternative explanations; it helps establish causality between variables through consistent conditions across groups.,1,partially_correct_incomplete,F,1.0,partially_correct_incomplete,partially_correct_incomplete,irrelevant,partially_correct_incomplete,1.0,partially_correct_incomplete,True,True,True
deepseek_VB1_90,VB1,I would say a controlled experiment is trying out new things on a small scale before making big decisions about them.,2,contradictory,,non_domain,contradictory,contradictory,contradictory,contradictory,irrelevant,irrelevant,True,False,False
deepseek_VB1_91,VB1,"Lack of Specific Variables Manipulated: When an experiment does not specify which specific variable(s) are manipulated, it lacks clarity about how changes in one factor might affect outcomes and thus fails to meet basic criteria for a controlled study",2,partially_correct_incomplete,,contradictory,partially_correct_incomplete,partially_correct_incomplete,partially_correct_incomplete,partially_correct_incomplete,contradictory,contradictory,True,False,False
deepseek_VB1_92,VB1,"The experiment includes only one variable that is being changed by an individual, often a scientist",2,1.0,,partially_correct_incomplete,1.0,1.0,1.0,1.0,partially_correct_incomplete,partially_correct_incomplete,True,False,False
deepseek_VB1_93,VB1,"Controlled experiments are conducted under protocols that minimize external influences on the outcome, providing clean data for hypothesis testing in rigorous studies.",1,partially_correct_incomplete,,1.0,partially_correct_incomplete,partially_correct_incomplete,partially_correct_incomplete,partially_correct_incomplete,partially_correct_incomplete,partially_correct_incomplete,True,True,True
deepseek_VB1_94,VB1,"It's like when we have to follow playground rules, right?",2,non_domain,F,non_domain,irrelevant,non_domain,contradictory,contradictory,non_domain,non_domain,False,True,False
deepseek_VB1_95,VB1,A controlled experiment uses random assignment to ensure fairness by distributing subjects into different conditions based on chance,1,partially_correct_incomplete,F,1.0,irrelevant,partially_correct_incomplete,partially_correct_incomplete,partially_correct_incomplete,contradictory,partially_correct_incomplete,True,True,True
deepseek_VB1_96,VB1,"Uncontrolled Trial: A controlled experiment is designed to minimize extraneous variables that might influence the outcome, unlike an uncontrolled trial where all conditions are left unmanaged",2,partially_correct_incomplete,,contradictory,partially_correct_incomplete,partially_correct_incomplete,partially_correct_incomplete,partially_correct_incomplete,contradictory,contradictory,True,False,False
deepseek_VB1_97,VB1,Control groups in experiments allow researchers to compare the outcomes from experimental manipulations against those that have not been manipulated,2,partially_correct_incomplete,,1.0,partially_correct_incomplete,partially_correct_incomplete,partially_correct_incomplete,partially_correct_incomplete,irrelevant,irrelevant,True,False,False
deepseek_VB1_98,VB1,"A controlled trial where specific conditions can be manipulated by scientists with the intent of observing their impact on another variable, but only when these experiments are set up so that other variables likely to affect results are kept equal or constant across all experimental groups",1,1.0,,1.0,1.0,1.0,1.0,1.0,1.0,1.0,True,True,True
deepseek_VB1_99,VB1,Providing examples of natural phenomena,2,irrelevant,,irrelevant,irrelevant,irrelevant,contradictory,contradictory,irrelevant,irrelevant,False,True,False
deepseek_VB1_100,VB1,It's like testing if different types of soil can grow plants by changing only the dirt and not anything else in the area.,2,1.0,,partially_correct_incomplete,1.0,1.0,1.0,1.0,partially_correct_incomplete,partially_correct_incomplete,True,False,False
deepseek_VB1_101,VB1,A controlled experiment is like playing with one toy while keeping all others in the box and seeing if this changes anything interesting.,2,irrelevant,,partially_correct_incomplete,irrelevant,irrelevant,partially_correct_incomplete,partially_correct_incomplete,irrelevant,irrelevant,False,True,False
deepseek_VB1_102,VB1,A controlled experiment involves a large number of variables being systematically measured under various conditions in order to achieve precise outcomes. But sometimes focusing too much on one variable might lead you down an incorrect path and away from the bigger picture that could have been discovered otherwise,2,contradictory,,contradictory,partially_correct_incomplete,partially_correct_incomplete,contradictory,contradictory,contradictory,contradictory,False,False,True
deepseek_VB1_103,VB1,"Lack of Control Variation: In experiments where all conditions are allowed maximum variation and no restrictions, it becomes impossible to isolate specific factors for analysis due to confounding variables",1,partially_correct_incomplete,T,contradictory,irrelevant,partially_correct_incomplete,partially_correct_incomplete,partially_correct_incomplete,contradictory,partially_correct_incomplete,True,True,True
deepseek_VB1_104,VB1,Historical Control Group: This term refers to using historical data or another group for comparison instead of having a control and experimental group in real time,2,irrelevant,,contradictory,irrelevant,irrelevant,irrelevant,irrelevant,contradictory,contradictory,True,False,False
deepseek_VB1_105,VB1,Does anyone else know the answer to that question?,1,non_domain,,non_domain,non_domain,non_domain,non_domain,non_domain,non_domain,non_domain,True,True,True
deepseek_VB1_106,VB1,"In my opinion, a controlled experiment means testing things safely first before going big.",2,contradictory,,non_domain,contradictory,contradictory,contradictory,contradictory,irrelevant,irrelevant,True,False,False
deepseek_VB1_107,VB1,It's like baking cookies; first we measure the ingredients carefully to get just the right taste!,2,irrelevant,,non_domain,irrelevant,irrelevant,contradictory,contradictory,irrelevant,irrelevant,False,True,False
deepseek_VB1_108,VB1,"I'm not sure what it is, can you explain?",1,non_domain,,non_domain,non_domain,non_domain,non_domain,non_domain,non_domain,non_domain,True,True,True
deepseek_VB1_109,VB1,"It's similar to playing musical chairs but instead of finding seats you find your favorite type of candy or toy left unopened after an experiment. What remains for grabs is up to chance - sorta like a treasure hunt, really!",1,irrelevant,,irrelevant,irrelevant,irrelevant,irrelevant,irrelevant,irrelevant,irrelevant,True,True,True
deepseek_VB1_110,VB1,"It's about making little changes in how you do things, like trying a new pen or sitting at a different spot while studying, just enough so we can see if it helps us remember better!",2,irrelevant,F,irrelevant,partially_correct_incomplete,irrelevant,contradictory,contradictory,irrelevant,irrelevant,False,True,False
deepseek_VB1_111,VB1,"An experiment in which only one variable is changed systematically to see how it affects an outcome, while all other variables are kept constant, can be defined as a controlled experiment",1,1.0,,1.0,1.0,1.0,1.0,1.0,1.0,1.0,True,True,True
deepseek_VB1_112,VB1,"In a controlled experiment, we make an intentional change in something (like lighting or food type), but keep everything else exactly the same to see how that change affects whatever we’re studying",1,1.0,,partially_correct_incomplete,1.0,1.0,1.0,1.0,1.0,1.0,True,True,True
deepseek_VB1_113,VB1,"By controlling extraneous variables, researchers in a controlled experiment aim to increase internal validity – the extent to which their findings can be trusted within the specific context of the experimental design",2,partially_correct_incomplete,,1.0,partially_correct_incomplete,partially_correct_incomplete,partially_correct_incomplete,partially_correct_incomplete,1.0,1.0,True,False,False
deepseek_VB1_114,VB1,Results of a controlled experiment can be replicated and validated through repetition under similar conditions,1,irrelevant,,1.0,irrelevant,irrelevant,irrelevant,irrelevant,irrelevant,irrelevant,True,True,True
deepseek_VB1_115,VB1,"A controlled experiment is when we have a list on the board with words written in different colors, asking students to write down their choice without looking at anyone else’s so no copying happens!",2,irrelevant,,irrelevant,irrelevant,irrelevant,contradictory,contradictory,irrelevant,irrelevant,False,True,False
deepseek_VB1_116,VB1,The purpose of a controlled experiment is to establish causality by showing that changes in one factor (the manipulated variable) result in predictable effects on another factor (the outcome or dependent variable),1,1.0,,1.0,1.0,1.0,1.0,1.0,1.0,1.0,True,True,True
deepseek_VB1_117,VB1,Analyzing data from non-experimental sources,2,contradictory,,irrelevant,contradictory,contradictory,contradictory,contradictory,irrelevant,irrelevant,True,False,False
deepseek_VB1_118,VB1,"In a controlled experiment, you make one thing change and then watch what happens to see if it made any difference; kind of like magic tricks!",1,partially_correct_incomplete,F,irrelevant,1.0,partially_correct_incomplete,partially_correct_incomplete,partially_correct_incomplete,irrelevant,partially_correct_incomplete,True,True,True
deepseek_VB1_119,VB1,"In reality, defining what constitutes a ""controlled"" environment can be quite arbitrary; therefore any so called 'controlled' process isn’t truly controlled according to this strict definition but rather provides some degree of control over specific factors at play within the experimental setup or context",2,irrelevant,,contradictory,irrelevant,irrelevant,irrelevant,irrelevant,contradictory,contradictory,True,False,False
deepseek_VB1_120,VB1,"Imagine setting up your LEGO carefully, one piece at a time, then seeing what happens when you press down on them all.",1,non_domain,F,non_domain,irrelevant,non_domain,contradictory,non_domain,non_domain,non_domain,True,True,True
deepseek_VB1_121,VB1,"I'm not sure, can you explain what it is?",1,non_domain,,non_domain,non_domain,non_domain,non_domain,non_domain,non_domain,non_domain,True,True,True
deepseek_VB1_122,VB1,"A controlled experiment uses experimental controls to isolate effects, making it a powerful tool for scientific research where certainty about cause and effect is crucial.",2,partially_correct_incomplete,,1.0,partially_correct_incomplete,partially_correct_incomplete,partially_correct_incomplete,partially_correct_incomplete,irrelevant,irrelevant,True,False,False
deepseek_VB1_123,VB1,It's like baking cookies; you follow the recipe exactly as it is written without any personal preferences involved,2,irrelevant,,irrelevant,irrelevant,irrelevant,contradictory,contradictory,irrelevant,irrelevant,False,True,False
deepseek_VB1_124,VB1,Observing plants under different light conditions,2,partially_correct_incomplete,,irrelevant,partially_correct_incomplete,partially_correct_incomplete,partially_correct_incomplete,partially_correct_incomplete,irrelevant,irrelevant,True,False,False
deepseek_VB1_125,VB1,"A controlled experiment uses rigorous quantitative methods that allow for precise measurement of outcomes, enabling reproducibility and confirmation of results",2,partially_correct_incomplete,,1.0,irrelevant,irrelevant,partially_correct_incomplete,partially_correct_incomplete,partially_correct_incomplete,partially_correct_incomplete,False,False,True
deepseek_VB1_126,VB1,"The term ""controlled"" implies that there is minimal variation between trials, which hampers discovery of dynamic processes in science",3,irrelevant,F,contradictory,partially_correct_incomplete,partially_correct_incomplete,irrelevant,irrelevant,contradictory,contradictory,False,False,False
deepseek_VB1_127,VB1,"In history class, it refers to following historical timelines and events rather than creating personal narratives or interpretations",2,non_domain,F,irrelevant,contradictory,non_domain,irrelevant,irrelevant,non_domain,non_domain,False,True,False
deepseek_VB1_128,VB1,Can we define one for homework tonight?,1,non_domain,,non_domain,non_domain,non_domain,non_domain,non_domain,non_domain,non_domain,True,True,True
deepseek_VB1_129,VB1,No Clear Hypothesis Testing: An experiment without a clear hypothesis or research question cannot test whether the expected outcomes were achieved or not because there’s no direction provided on what specifically is being tested,2,partially_correct_incomplete,F,contradictory,irrelevant,partially_correct_incomplete,partially_correct_incomplete,irrelevant,contradictory,partially_correct_incomplete,False,True,False
deepseek_VB1_130,VB1,"Lack of Consistency in Testing Protocol: Inconsistencies between repeated tests in an experiment—such as variations in timing, environmental factors, or participant handling—can lead to unreliable results that don’t meet controlled experimentation standards",2,partially_correct_incomplete,F,contradictory,irrelevant,partially_correct_incomplete,partially_correct_incomplete,partially_correct_incomplete,contradictory,irrelevant,True,False,False
deepseek_VB1_131,VB1,"In such experiments, there are clear definitions of hypotheses, treatments, and measurements, with results analyzed statistically",1,partially_correct_incomplete,,1.0,partially_correct_incomplete,partially_correct_incomplete,partially_correct_incomplete,partially_correct_incomplete,partially_correct_incomplete,partially_correct_incomplete,True,True,True
deepseek_VB1_132,VB1,"In a controlled experiment, we keep everything else fixed to see how changing just one thing impacts what happens next.",1,1.0,,partially_correct_incomplete,1.0,1.0,1.0,1.0,1.0,1.0,True,True,True
deepseek_VB1_133,VB1,This type of experimental design helps reduce bias and maximize external validity by ensuring all participants have equal chances at receiving different treatments or outcomes,2,contradictory,F,partially_correct_incomplete,irrelevant,partially_correct_incomplete,contradictory,contradictory,partially_correct_incomplete,contradictory,False,False,True
deepseek_VB1_134,VB1,Preliminary Study: Preliminary studies often lack the rigor and focus on specific hypotheses that controlled experiments typically aim to achieve,2,irrelevant,,contradictory,irrelevant,irrelevant,irrelevant,irrelevant,contradictory,contradictory,True,False,False
deepseek_VB1_135,VB1,"Lack of Standardization: If procedures are not consistently applied across groups, it becomes impossible to determine whether the differences in outcomes are due to the variable being tested or inconsistent conditions",2,partially_correct_incomplete,F,contradictory,partially_correct_incomplete,partially_correct_incomplete,1.0,1.0,contradictory,partially_correct_incomplete,False,True,False
deepseek_VB1_136,VB1,"In a controlled experiment, we use textbooks because they have been tested by experts who control what information students can learn",2,irrelevant,,irrelevant,irrelevant,irrelevant,contradictory,contradictory,irrelevant,irrelevant,False,True,False
deepseek_VB1_137,VB1,"A controlled experiment is playing with your toys only under strict conditions: no jumping, screaming or running around while using them; exactly how grown-ups often dictate playtime activities at home",2,irrelevant,,irrelevant,irrelevant,irrelevant,contradictory,contradictory,irrelevant,irrelevant,False,True,False
deepseek_VB1_138,VB1,It sounds interesting; do they use this in science class?,1,non_domain,,non_domain,non_domain,non_domain,non_domain,non_domain,non_domain,non_domain,True,True,True
deepseek_VB1_139,VB1,A controlled experiment is when you test something small and see how it works out before making bigger changes.,2,contradictory,,non_domain,contradictory,contradictory,contradictory,contradictory,irrelevant,irrelevant,True,False,False
deepseek_VB1_140,VB1,A controlled experiment typically includes pretest and posttests to compare outcomes between conditions or treatments while controlling for initial differences among subjects,1,partially_correct_incomplete,F,1.0,irrelevant,partially_correct_incomplete,partially_correct_incomplete,partially_correct_incomplete,1.0,partially_correct_incomplete,True,True,True
deepseek_VB1_141,VB1,It's an experiment where only one thing changes while everything else stays the same to see if that change affects the outcome.,1,1.0,,partially_correct_incomplete,1.0,1.0,1.0,1.0,1.0,1.0,True,True,True
deepseek_VB1_142,VB1,"A true/complete controlled experiment requires both random assignment and manipulation, which is unnecessary in everyday life science education activities where simple observation suffices instead; such instances prove that real world applications often diverge from textbook definitions in important ways relevant to scientific methodology & data analysis practice",3,irrelevant,F,contradictory,partially_correct_incomplete,partially_correct_incomplete,irrelevant,irrelevant,contradictory,contradictory,False,False,False
deepseek_VB1_143,VB1,Variables in a controlled experiment are measured under standardized conditions for consistency and reliability of results,2,partially_correct_incomplete,,partially_correct_incomplete,irrelevant,irrelevant,partially_correct_incomplete,partially_correct_incomplete,partially_correct_incomplete,partially_correct_incomplete,False,False,True
deepseek_VB1_144,VB1,Overly Rigid Conditions: An experiment that imposes too strict or rigid conditions might not reflect real-world applicability and can limit generalizability,2,irrelevant,,contradictory,irrelevant,irrelevant,irrelevant,irrelevant,contradictory,contradictory,True,False,False
deepseek_VB1_145,VB1,An experiment where you use toys to keep children entertained during class time is not a controlled experiment; it's just fun!,2,irrelevant,,irrelevant,non_domain,non_domain,irrelevant,irrelevant,irrelevant,irrelevant,False,False,True
deepseek_VB1_146,VB1,"A controlled experiment means making sure everything in the test area, like toys or snacks, stays exactly the same so we can see if something new changes how kids do their homework",3,partially_correct_incomplete,F,irrelevant,1.0,partially_correct_incomplete,contradictory,contradictory,irrelevant,irrelevant,False,False,False
deepseek_VB1_147,VB1,A controlled experiment is when you choose your own friends and let them do whatever they want,2,contradictory,,irrelevant,contradictory,contradictory,contradictory,contradictory,irrelevant,irrelevant,True,False,False
deepseek_VB1_148,VB1,"In a controlled experiment, we control or manipulate only what’s being tested so as not to mix it up with other things going on around them.",2,1.0,,partially_correct_incomplete,1.0,1.0,1.0,1.0,contradictory,contradictory,True,False,False
deepseek_VB1_149,VB1,"No Repetition Principle: Conducting an experiment only once does not meet the requirement of replication to ensure the validity and reliability of findings, thus undermining any conclusions drawn from it",2,irrelevant,,contradictory,irrelevant,irrelevant,irrelevant,irrelevant,contradictory,contradictory,True,False,False
deepseek_VB1_150,VB1,"It's like cooking: when making a new recipe, changing only one ingredient at a time lets us see exactly how much it affected our dish!",2,1.0,,irrelevant,1.0,1.0,1.0,1.0,irrelevant,irrelevant,True,False,False
deepseek_VB1_151,VB1,Controlled experiments are characterized by their structured design and rigorous method of controlling for potential confounding factors outside the manipulation under study.,2,partially_correct_incomplete,,1.0,partially_correct_incomplete,partially_correct_incomplete,partially_correct_incomplete,partially_correct_incomplete,1.0,1.0,True,False,False
deepseek_VB1_152,VB1,"It's like watching TV; you choose which channel to watch based on someone else's decision, without making your own choice",2,irrelevant,F,irrelevant,irrelevant,non_domain,contradictory,irrelevant,non_domain,irrelevant,False,False,True
deepseek_VB1_153,VB1,"In reality, an uncontrolled setting can provide more realistic results than a tightly managed lab experiment",2,contradictory,,contradictory,irrelevant,irrelevant,contradictory,contradictory,contradictory,contradictory,False,False,True
deepseek_VB1_154,VB1,What does this mean exactly?,1,non_domain,,non_domain,non_domain,non_domain,non_domain,non_domain,non_domain,non_domain,True,True,True
deepseek_VB1_155,VB1,"Descriptive Statistics Only: Descriptive statistics are used to summarize data, but they do not provide the control and manipulation needed in a controlled experiment to establish causation",1,irrelevant,F,contradictory,partially_correct_incomplete,irrelevant,irrelevant,irrelevant,contradictory,irrelevant,True,True,True
deepseek_VB1_156,VB1,"A controlled experiment is deciding whether you want spaghetti or pizza for dinner by writing both options down and then closing your eyes, spinning around three times, and pointing at one of the choices to see what wins out in that moment's confusion!",2,contradictory,,irrelevant,contradictory,contradictory,contradictory,contradictory,irrelevant,irrelevant,True,False,False
deepseek_VB1_157,VB1,"A controlled experiment uses random assignment to create two equally balanced groups: one group that receives an intervention (treatment), while another does not",1,partially_correct_incomplete,,partially_correct_incomplete,partially_correct_incomplete,partially_correct_incomplete,partially_correct_incomplete,partially_correct_incomplete,partially_correct_incomplete,partially_correct_incomplete,True,True,True
deepseek_VB1_158,VB1,A controlled experiment involves the systematic manipulation of an independent variable under strict conditions to observe its impact on a dependent variable.,1,partially_correct_incomplete,,1.0,partially_correct_incomplete,partially_correct_incomplete,partially_correct_incomplete,partially_correct_incomplete,partially_correct_incomplete,partially_correct_incomplete,True,True,True
deepseek_VB1_159,VB1,The goal of a controlled experiment is to eliminate confounding factors and isolate specific causes or effects,1,partially_correct_incomplete,,1.0,partially_correct_incomplete,partially_correct_incomplete,partially_correct_incomplete,partially_correct_incomplete,partially_correct_incomplete,partially_correct_incomplete,True,True,True
deepseek_VB1_160,VB1,Lack of Longitudinal Analysis: A study that doesn't track participants over time cannot determine cause-and-effect relationships accurately as outcomes may change due to external factors unrelated to the intervention under test,2,contradictory,,contradictory,contradictory,contradictory,irrelevant,irrelevant,contradictory,contradictory,False,True,False
deepseek_VB1_161,VB1,"Non-Science Activity for Fun: This response incorrectly suggests that defining a controlled experiment is purely an activity unrelated to scientific inquiry, instead of its central role in determining cause and effect relationships scientifically",2,irrelevant,,contradictory,irrelevant,irrelevant,irrelevant,irrelevant,contradictory,contradictory,True,False,False
deepseek_VB1_162,VB1,A scientific method where a researcher deliberately alters specific conditions within their study environment and closely measures the outcome or behavior in order to draw conclusions about cause and effect relationships,2,partially_correct_incomplete,,1.0,partially_correct_incomplete,partially_correct_incomplete,1.0,1.0,partially_correct_incomplete,partially_correct_incomplete,False,True,False
deepseek_VB1_163,VB1,A controlled experiment is like playing a video game on easy mode; everything is set up so that you can easily win while still feeling challenged,2,contradictory,,irrelevant,contradictory,contradictory,contradictory,contradictory,irrelevant,irrelevant,True,False,False
deepseek_VB1_164,VB1,Isn’t that what chefs do when cooking in the kitchen?,2,non_domain,,non_domain,irrelevant,irrelevant,non_domain,non_domain,non_domain,non_domain,False,False,True
deepseek_VB1_165,VB1,"The true definition of a controlled experiment is when every aspect of an investigation has specific parameters set by researchers, but this isn’t always feasible because there are often uncontrollable factors which makes it impossible to create 'perfect' control groups in real world situations",2,irrelevant,F,contradictory,partially_correct_incomplete,irrelevant,irrelevant,irrelevant,contradictory,contradictory,True,False,False
deepseek_VB1_166,VB1,Like in a game where everyone knows the rules and has to play fair,1,non_domain,F,non_domain,irrelevant,non_domain,contradictory,non_domain,non_domain,non_domain,True,True,True
deepseek_VB1_167,VB1,"The independent variable is altered systematically while all other variables are kept constant, making it possible to identify causality effectively",1,1.0,,1.0,1.0,1.0,1.0,1.0,1.0,1.0,True,True,True
deepseek_VB1_168,VB1,"In a controlled experiment, participants are randomly assigned to different conditions or treatments",2,partially_correct_incomplete,,partially_correct_incomplete,irrelevant,irrelevant,partially_correct_incomplete,partially_correct_incomplete,partially_correct_incomplete,partially_correct_incomplete,False,False,True
deepseek_VB1_169,VB1,"In a controlled experiment, researchers create and control specific situations or environments where they vary one factor while holding all others constant to test a hypothesis scientifically",1,1.0,,1.0,1.0,1.0,1.0,1.0,1.0,1.0,True,True,True
deepseek_VB1_170,VB1,"In a controlled experiment, every participant receives different conditions or treatments for consistency in results",2,contradictory,,contradictory,irrelevant,irrelevant,contradictory,contradictory,contradictory,contradictory,False,False,True
deepseek_VB1_171,VB1,Can we talk about this in class or do some research on it?,1,non_domain,,non_domain,non_domain,non_domain,non_domain,non_domain,non_domain,non_domain,True,True,True
deepseek_VB1_172,VB1,Imagine playing tag but only some people are 'it'; that sort of thing,2,non_domain,,non_domain,irrelevant,irrelevant,non_domain,non_domain,non_domain,non_domain,False,False,True
deepseek_VB1_173,VB1,"Lack of Isolation: Experiments where variables are not isolated or controlled fail to provide clear insights into how specific factors affect outcomes, making results hard to interpret accurately",2,partially_correct_incomplete,,contradictory,partially_correct_incomplete,partially_correct_incomplete,partially_correct_incomplete,partially_correct_incomplete,contradictory,contradictory,True,False,False
deepseek_VB1_174,VB1,"An experimental design wherein one or more independent variables are systematically changed by an experimenter, while all other factors (other than those directly related to the variable being tested) remain constant, allowing for a clear identification of any causal relationship between changes in the independent variable and outcomes measured",1,1.0,,1.0,1.0,1.0,1.0,1.0,1.0,1.0,True,True,True
deepseek_VB1_175,VB1,A research study where there's a clear manipulation of an experimental factor by scientists aiming at observing its effects on another dependent variable while other confounding variables are kept constant or standardized across different groups being compared in the experiment,1,1.0,,1.0,1.0,1.0,1.0,1.0,1.0,1.0,True,True,True
deepseek_VB1_176,VB1,Non-Experimental Design: Non-experimental designs like correlation analysis do not involve manipulation of variables or assignment of participants into groups for comparison,2,irrelevant,,contradictory,irrelevant,irrelevant,irrelevant,irrelevant,contradictory,contradictory,True,False,False
deepseek_VB1_177,VB1,It's where you control everything except for whatever is being tested – it’s like conducting a symphony orchestra but only allowing one instrument (the controlled factor) to play differently,2,1.0,,partially_correct_incomplete,1.0,1.0,1.0,1.0,irrelevant,irrelevant,True,False,False
deepseek_VB1_178,VB1,A controlled experiment is when you change one thing to see how it affects another thing.,1,partially_correct_incomplete,,partially_correct_incomplete,partially_correct_incomplete,partially_correct_incomplete,partially_correct_incomplete,partially_correct_incomplete,partially_correct_incomplete,partially_correct_incomplete,True,True,True
deepseek_VB1_179,VB1,It's an experiment where you keep everything else constant to see how a specific change influences something important.,2,1.0,,partially_correct_incomplete,1.0,1.0,1.0,1.0,partially_correct_incomplete,partially_correct_incomplete,True,False,False
deepseek_VB1_180,VB1,A way to test cause and effect relationships in science using control and experimental groups,1,partially_correct_incomplete,,partially_correct_incomplete,partially_correct_incomplete,partially_correct_incomplete,partially_correct_incomplete,partially_correct_incomplete,partially_correct_incomplete,partially_correct_incomplete,True,True,True
deepseek_VB1_181,VB1,"In math, it means using rulers and calculators to solve equations without any errors or guesswork involved",2,irrelevant,,irrelevant,contradictory,contradictory,irrelevant,irrelevant,irrelevant,irrelevant,False,False,True
deepseek_VB1_182,VB1,"Participants are randomly assigned to different groups where only the independent variable differs among these groups, keeping all else constant to avoid confounding factors",1,1.0,,1.0,1.0,1.0,1.0,1.0,1.0,1.0,True,True,True
deepseek_VB1_183,VB1,"Lack of Randomization: Without random assignment of participants to groups, there is a risk of bias influencing the outcomes, making interpretation difficult or misleading",2,partially_correct_incomplete,F,contradictory,irrelevant,partially_correct_incomplete,partially_correct_incomplete,partially_correct_incomplete,contradictory,irrelevant,True,False,False
deepseek_VB1_184,VB1,It’s about making sure all variables are kept constant except for one thing you want to test - like changing the flavor of juice in cereal bowls and watching which ones kids eat more from,2,1.0,,irrelevant,1.0,1.0,1.0,1.0,partially_correct_incomplete,partially_correct_incomplete,True,False,False
deepseek_VB1_185,VB1,Lack of Randomization: Experiments where participants choose themselves into different conditions lack the random assignment crucial for a valid test of causality in scientific studies,2,irrelevant,,contradictory,irrelevant,irrelevant,irrelevant,irrelevant,contradictory,contradictory,True,False,False
deepseek_VB1_186,VB1,Do they always follow a specific format?,1,non_domain,,non_domain,non_domain,non_domain,non_domain,non_domain,non_domain,non_domain,True,True,True
deepseek_VB1_187,VB1,"In this type of study design, participants are divided into different treatment and control groups for comparison purposes",1,partially_correct_incomplete,,partially_correct_incomplete,partially_correct_incomplete,partially_correct_incomplete,partially_correct_incomplete,partially_correct_incomplete,partially_correct_incomplete,partially_correct_incomplete,True,True,True
deepseek_VB1_188,VB1,"Think of it as an adventure, but planned out with clear goals in mind!",1,non_domain,F,non_domain,irrelevant,non_domain,contradictory,non_domain,non_domain,non_domain,True,True,True
deepseek_VB1_189,VB1,"In a controlled experiment, everyone follows the rules of hide-and-seek because someone else says so, not out of choice",2,irrelevant,,irrelevant,irrelevant,irrelevant,contradictory,contradictory,irrelevant,irrelevant,False,True,False
deepseek_VB1_190,VB1,Mentioning the importance of ethics in research,2,irrelevant,,irrelevant,irrelevant,irrelevant,non_domain,non_domain,irrelevant,irrelevant,False,True,False
deepseek_VB1_191,VB1,"A controlled experiment involves setting up an environment where cause and effect relationships can be tested through observation, measurement, analysis, and control over variables",1,partially_correct_incomplete,,1.0,partially_correct_incomplete,partially_correct_incomplete,partially_correct_incomplete,partially_correct_incomplete,partially_correct_incomplete,partially_correct_incomplete,True,True,True
deepseek_VB1_192,VB1,Just like choosing teams at kickball where everyone gets to be on different groups now and then!,2,irrelevant,,non_domain,irrelevant,irrelevant,contradictory,contradictory,irrelevant,irrelevant,False,True,False
deepseek_VB1_193,VB1,A controlled experiment involves manipulating one variable and observing its effect on another without changing other important factors.,2,1.0,,partially_correct_incomplete,1.0,1.0,1.0,1.0,partially_correct_incomplete,partially_correct_incomplete,True,False,False
deepseek_VB1_194,VB1,"A controlled experiment involves manipulating an independent variable and observing its effect on a dependent variable, with the goal of determining causality through random assignment to different conditions",2,partially_correct_incomplete,,1.0,partially_correct_incomplete,partially_correct_incomplete,1.0,1.0,partially_correct_incomplete,partially_correct_incomplete,False,True,False
deepseek_VB1_195,VB1,Describing variables in science experiments,2,irrelevant,,irrelevant,irrelevant,irrelevant,contradictory,contradictory,irrelevant,irrelevant,False,True,False
deepseek_VB1_196,VB1,A controlled experiment is setting up a fun obstacle course for paper airplanes and then seeing which design flies best after lots of tries to make them all as similar as possible,2,irrelevant,,irrelevant,irrelevant,irrelevant,contradictory,contradictory,irrelevant,irrelevant,False,True,False
deepseek_VB1_197,VB1,A type of research where an investigator alters one aspect of a situation while keeping others fixed; this allows them to test hypotheses about whether changes in the altered factor are associated with observable effects on another variable under investigation,1,1.0,,1.0,1.0,1.0,1.0,1.0,1.0,1.0,True,True,True
deepseek_VB1_198,VB1,How can you tell if something is controlled?,1,non_domain,,non_domain,non_domain,non_domain,non_domain,non_domain,non_domain,non_domain,True,True,True
deepseek_VB1_199,VB1,A controlled experiment is like when you play board games with your friends: everyone follows set rules and goals without any surprises or unexpected turns,2,irrelevant,,irrelevant,irrelevant,irrelevant,contradictory,contradictory,irrelevant,irrelevant,False,True,False
deepseek_VB1_200,VB1,What are the steps involved in conducting one?,1,non_domain,,non_domain,non_domain,non_domain,non_domain,non_domain,non_domain,non_domain,True,True,True
deepseek_VB1_201,VB1,"In a controlled experiment, you draw pictures using specific colors chosen by an authority figure rather than picking any color you want",2,irrelevant,,irrelevant,irrelevant,irrelevant,contradictory,contradictory,irrelevant,irrelevant,False,True,False
deepseek_VB1_202,VB1,A controlled experiment is when you play chess and only move your pieces according to specific moves that were previously agreed upon,2,irrelevant,,irrelevant,irrelevant,irrelevant,contradictory,contradictory,irrelevant,irrelevant,False,True,False
deepseek_VB1_203,VB1,It's not related to PE activities where we do drills for sports but instead focuses on the lab techniques used in science classes specifically,1,irrelevant,,irrelevant,irrelevant,irrelevant,irrelevant,irrelevant,irrelevant,irrelevant,True,True,True
deepseek_VB1_204,VB1,Casual Observation: This is similar to an observational study and does not involve control over variables like in a true experimental design,1,contradictory,,contradictory,contradictory,contradictory,contradictory,contradictory,contradictory,contradictory,True,True,True
deepseek_VB1_205,VB1,"A controlled experiment is a type of scientific study where variables are manipulated and measured to test a hypothesis, ensuring that other factors remain constant.",2,1.0,,1.0,1.0,1.0,partially_correct_incomplete,partially_correct_incomplete,1.0,1.0,False,True,False
deepseek_VB1_206,VB1,The goal in conducting a controlled experiment is typically to test the effectiveness of a particular treatment under highly structured conditions,1,partially_correct_incomplete,,partially_correct_incomplete,partially_correct_incomplete,partially_correct_incomplete,partially_correct_incomplete,partially_correct_incomplete,partially_correct_incomplete,partially_correct_incomplete,True,True,True
deepseek_VB1_207,VB1,A controlled experiment necessitates using rigorous experimental control procedures to ensure consistency and comparability across different conditions tested for valid inferences about causality between variables studied in context,1,partially_correct_incomplete,F,1.0,irrelevant,partially_correct_incomplete,partially_correct_incomplete,partially_correct_incomplete,1.0,partially_correct_incomplete,True,True,True
deepseek_VB1_208,VB1,You know the way you switch who sits by whom when we move around desks? That's kind of like a controlled experiment too!,1,irrelevant,,non_domain,irrelevant,irrelevant,irrelevant,irrelevant,irrelevant,irrelevant,True,True,True
deepseek_VB1_209,VB1,Any deviation from the protocol during a controlled experiment invalidates its outcomes as truly controlled and scientific,1,irrelevant,,contradictory,irrelevant,irrelevant,irrelevant,irrelevant,irrelevant,irrelevant,True,True,True
deepseek_VB1_210,VB1,"The goal is to establish causality by altering the independent variable in a specific way, then measuring how it influences changes within the dependent variables",2,partially_correct_incomplete,,partially_correct_incomplete,partially_correct_incomplete,partially_correct_incomplete,1.0,1.0,partially_correct_incomplete,partially_correct_incomplete,False,True,False
deepseek_VB1_211,VB1,A controlled experiment is when you follow a recipe exactly as written without adding any new ingredients or changing measurements based on your personal preferences,2,irrelevant,,irrelevant,irrelevant,irrelevant,partially_correct_incomplete,partially_correct_incomplete,irrelevant,irrelevant,False,True,False
deepseek_VB1_212,VB1,Does anyone have any idea what they mean by controlled?,1,non_domain,,non_domain,non_domain,non_domain,non_domain,non_domain,non_domain,non_domain,True,True,True
deepseek_VB1_213,VB1,"No Control Group: In controlled experiments, participants are randomly assigned to groups without control or structure, leading to unreliable results and no clear understanding of cause-and-effect relationships",1,contradictory,,contradictory,contradictory,contradictory,contradictory,contradictory,contradictory,contradictory,True,True,True
deepseek_VB1_214,VB1,"Lack of Control Group: An experiment without a control group is not truly controlled, and cannot accurately assess cause-and-effect relationships",1,partially_correct_incomplete,F,contradictory,irrelevant,partially_correct_incomplete,partially_correct_incomplete,partially_correct_incomplete,contradictory,partially_correct_incomplete,True,True,True
deepseek_VB1_215,VB1,Can we talk about it during lunch break today?,1,non_domain,,non_domain,non_domain,non_domain,non_domain,non_domain,non_domain,non_domain,True,True,True
deepseek_VB1_216,VB1,It's like a science project where we only change one factor and measure its effect on something else.,2,partially_correct_incomplete,,partially_correct_incomplete,1.0,1.0,partially_correct_incomplete,partially_correct_incomplete,partially_correct_incomplete,partially_correct_incomplete,False,False,True
deepseek_VB1_217,VB1,"The key feature of a controlled experiment is its capacity to isolate variables through scientific controls such as random assignment, double-blind procedures, or maintaining constant conditions during the study",2,1.0,,1.0,partially_correct_incomplete,partially_correct_incomplete,1.0,1.0,1.0,1.0,False,False,True
deepseek_VB1_218,VB1,Is it like a regular experiment but with more rules to follow?,2,irrelevant,F,non_domain,irrelevant,irrelevant,partially_correct_incomplete,non_domain,non_domain,irrelevant,False,True,False
deepseek_VB1_219,VB1,Measuring how changes in the independent variable affect the dependent variable under set conditions,2,partially_correct_incomplete,,partially_correct_incomplete,partially_correct_incomplete,partially_correct_incomplete,1.0,1.0,partially_correct_incomplete,partially_correct_incomplete,False,True,False
deepseek_VB1_220,VB1,A truly uncontrolled environment cannot provide valuable insights into cause and effect relationships because it lacks boundaries necessary for scientific scrutiny,2,irrelevant,F,contradictory,irrelevant,irrelevant,partially_correct_incomplete,irrelevant,contradictory,partially_correct_incomplete,True,False,False
deepseek_VB1_221,VB1,"Survey Research: Surveys do not provide enough manipulation of factors for determining cause and effect, which requires a more structured approach than surveys typically offer",1,irrelevant,F,contradictory,irrelevant,irrelevant,partially_correct_incomplete,irrelevant,contradictory,irrelevant,True,True,True
deepseek_VB1_222,VB1,"In a well-executed controlled experiment, researchers take measures to reduce extraneous variables that could distort outcomes and skew interpretations",1,partially_correct_incomplete,,partially_correct_incomplete,partially_correct_incomplete,partially_correct_incomplete,partially_correct_incomplete,partially_correct_incomplete,partially_correct_incomplete,partially_correct_incomplete,True,True,True
deepseek_VB1_223,VB1,"Inadequate Sample Size: A study with an insufficient sample size risks failing to detect significant effects even if they exist, leading to potentially false negatives",2,irrelevant,,contradictory,irrelevant,irrelevant,irrelevant,irrelevant,contradictory,contradictory,True,False,False
deepseek_VB1_224,VB1,"By definition, a controlled experiment requires random allocation of participants into groups receiving distinct treatment levels so that assignment is not influenced by any extraneous variable potentially affecting the outcome measurement",1,partially_correct_incomplete,,1.0,partially_correct_incomplete,partially_correct_incomplete,partially_correct_incomplete,partially_correct_incomplete,partially_correct_incomplete,partially_correct_incomplete,True,True,True
deepseek_VB1_225,VB1,A controlled experiment requires no control group; all participants receive the experimental treatment directly,1,contradictory,,contradictory,contradictory,contradictory,contradictory,contradictory,contradictory,contradictory,True,True,True
deepseek_VB1_226,VB1,It's when you test something by controlling all but the thing you want to study to see how it affects that thing.,1,1.0,,partially_correct_incomplete,1.0,1.0,1.0,1.0,1.0,1.0,True,True,True
deepseek_VB1_227,VB1,A key component of controlled experiments is that they are pre-planned and designed prior to any actual implementation,2,irrelevant,,partially_correct_incomplete,irrelevant,irrelevant,partially_correct_incomplete,partially_correct_incomplete,irrelevant,irrelevant,False,True,False
deepseek_VB1_228,VB1,"An experiment in which one variable is changed to observe its effect on another variable, but all other factors are kept constant",1,1.0,,partially_correct_incomplete,1.0,1.0,1.0,1.0,1.0,1.0,True,True,True
deepseek_VB1_229,VB1,"In a properly conducted controlled experiment, any confounding factors are removed to ensure the results can be confidently attributed to specific variables being tested",2,1.0,F,partially_correct_incomplete,partially_correct_incomplete,1.0,1.0,1.0,contradictory,partially_correct_incomplete,True,False,False
deepseek_VB1_230,VB1,"In such experiments, researchers randomly assign participants or experimental units to different groups to fairly test the effect of an intervention on outcomes.",1,partially_correct_incomplete,,1.0,partially_correct_incomplete,partially_correct_incomplete,partially_correct_incomplete,partially_correct_incomplete,partially_correct_incomplete,partially_correct_incomplete,True,True,True
deepseek_VB1_231,VB1,Is it different from an experiment at home?,1,non_domain,,non_domain,non_domain,non_domain,non_domain,non_domain,non_domain,non_domain,True,True,True
deepseek_VB1_232,VB1,"A properly run controlled experiment would be one where you compare only two sets of subjects/samples against each other with no variables being manipulated or altered artificially - however, many experiments do involve slight adjustments made during data collection for practical reasons but still maintain their validity according to this strict definition",1,contradictory,,contradictory,contradictory,contradictory,contradictory,contradictory,contradictory,contradictory,True,True,True
deepseek_VB1_233,VB1,"It's like playing tag, where one person gets to be ""it"" by deciding who chases whom without any restrictions",2,irrelevant,,irrelevant,irrelevant,irrelevant,contradictory,contradictory,irrelevant,irrelevant,False,True,False
deepseek_VB1_234,VB1,This design helps in establishing the validity of scientific claims by minimizing bias and ensuring internal consistency within findings,2,partially_correct_incomplete,,1.0,irrelevant,irrelevant,partially_correct_incomplete,partially_correct_incomplete,partially_correct_incomplete,partially_correct_incomplete,False,False,True
deepseek_VB1_235,VB1,A controlled experiment is when you test an idea by changing just one thing to see what happens next.,1,partially_correct_incomplete,,partially_correct_incomplete,partially_correct_incomplete,partially_correct_incomplete,partially_correct_incomplete,partially_correct_incomplete,partially_correct_incomplete,partially_correct_incomplete,True,True,True
deepseek_VB1_236,VB1,"In a controlled experiment, scientists set up their conditions so there are no other surprises affecting what they’re testing about.",1,partially_correct_incomplete,,partially_correct_incomplete,partially_correct_incomplete,partially_correct_incomplete,partially_correct_incomplete,partially_correct_incomplete,partially_correct_incomplete,partially_correct_incomplete,True,True,True
deepseek_VB1_237,VB1,A controlled experiment should have no correlation or control over participants' expectations about the outcome,2,irrelevant,,contradictory,irrelevant,irrelevant,irrelevant,irrelevant,contradictory,contradictory,True,False,False
deepseek_VB1_238,VB1,Explaining how to use scientific tools,2,irrelevant,,irrelevant,irrelevant,irrelevant,contradictory,contradictory,irrelevant,irrelevant,False,True,False
deepseek_VB1_239,VB1,Variables must be measured objectively during a controlled experiment using standard or validated measurement tools for accurate results interpretation,2,irrelevant,,partially_correct_incomplete,irrelevant,irrelevant,partially_correct_incomplete,partially_correct_incomplete,irrelevant,irrelevant,False,True,False
deepseek_VB1_240,VB1,It sounds interesting but I don't really know yet,1,non_domain,,non_domain,non_domain,non_domain,non_domain,non_domain,non_domain,non_domain,True,True,True
deepseek_VB1_241,VB1,Discussing historical figures in science,2,contradictory,,irrelevant,contradictory,contradictory,contradictory,contradictory,non_domain,non_domain,True,False,False
deepseek_VB1_242,VB1,It’s like when we do science projects where you try different amounts of sugar until you find just the right amount everyone likes. That's a controlled experiment!,2,irrelevant,,irrelevant,irrelevant,irrelevant,contradictory,contradictory,irrelevant,irrelevant,False,True,False
deepseek_VB1_243,VB1,"Identifying different types of plants or animals can be an exciting science project, but it doesn’t involve controlling experiments",2,irrelevant,,irrelevant,non_domain,non_domain,irrelevant,irrelevant,irrelevant,irrelevant,False,False,True
deepseek_VB1_244,VB1,You know how you can choose your team or position during a game? That's kind of like a controlled experiment too!,2,non_domain,F,non_domain,irrelevant,irrelevant,contradictory,non_domain,non_domain,non_domain,False,False,True
deepseek_VB1_245,VB1,"In science class, we do these experiments where we take notes sitting in different places; this way, we can see if changing spots helps us remember more about what the teacher says!",2,irrelevant,,irrelevant,irrelevant,irrelevant,contradictory,contradictory,irrelevant,irrelevant,False,True,False
deepseek_VB1_246,VB1,Does it have anything to do with experiments in a lab?,2,non_domain,,non_domain,irrelevant,irrelevant,non_domain,non_domain,non_domain,non_domain,False,False,True
deepseek_VB1_247,VB1,"The concept of ""controllability"" in an experiment refers only to how variables are manipulated, not their inherent nature or complexity",2,partially_correct_incomplete,F,contradictory,partially_correct_incomplete,partially_correct_incomplete,irrelevant,partially_correct_incomplete,contradictory,contradictory,True,False,False
deepseek_VB1_248,VB1,A controlled experiment is about setting up an easy change to test something like if it affects our results or not.,2,partially_correct_incomplete,,partially_correct_incomplete,partially_correct_incomplete,partially_correct_incomplete,partially_correct_incomplete,partially_correct_incomplete,irrelevant,irrelevant,True,False,False
deepseek_VB1_249,VB1,Imagine if you had the same seat during circle time every day; that's almost like an experiment too!,2,irrelevant,,non_domain,irrelevant,irrelevant,irrelevant,irrelevant,non_domain,non_domain,True,False,False